second,avg_latency_ms_zookeeper_v3.4.8,throughput_zookeeper_v3.4.8,cumulative_throughput_zookeeper_v3.4.8,avg_cpu_zookeeper_v3.4.8,avg_memory_mb_zookeeper_v3.4.8,avg_latency_ms_etcdv3_gotip,throughput_etcdv3_gotip,cumulative_throughput_etcdv3_gotip,avg_cpu_etcdv3_gotip,avg_memory_mb_etcdv3_gotip,avg_latency_ms_etcdv2_go1.4,throughput_etcdv2_go1.4,cumulative_throughput_etcdv2_go1.4,avg_cpu_etcdv2_go1.4,avg_memory_mb_etcdv2_go1.4
0,27.477880,4282,4282,9.05,57.18,24.185591,21479,21479,2.50,18.15,273.831120,679,679,1.03,6.56
1,42.565849,15852,20134,53.91,139.52,23.676323,41765,63244,52.00,72.03,318.894068,1507,2186,3.51,19.75
2,39.308480,24981,45115,89.08,191.34,27.947794,35478,98722,90.81,85.70,349.607769,2242,4428,5.15,24.65
3,34.259420,32831,77946,106.45,298.60,25.408223,38992,137714,123.28,97.93,251.277492,1971,6399,7.03,29.68
4,27.400540,36972,114918,130.37,402.92,26.605074,37140,174854,152.57,111.15,369.580236,1892,8291,8.32,33.09
5,23.682876,42278,157196,147.59,515.94,26.067876,38209,213063,176.78,126.49,288.563586,1950,10241,9.47,48.06
6,24.430069,40638,197834,168.52,720.47,26.401483,37547,250610,196.87,138.76,330.044108,2582,12823,10.11,51.23
7,25.290286,39710,237544,184.68,824.08,26.558519,37222,287832,214.28,156.31,345.441462,1417,14240,10.68,51.75
8,24.736295,40338,277882,200.85,875.84,26.852570,36926,324758,228.96,165.27,381.840068,2302,16542,10.87,52.01
9,25.457520,39212,317094,214.15,987.25,27.248106,36442,361200,241.72,177.84,242.942312,2621,19163,11.48,52.94
10,26.198006,38118,355212,225.50,1123.60,27.056776,36695,397895,252.92,194.26,389.221810,1197,20360,12.79,76.91
11,52.857300,18901,374113,230.94,1275.50,27.032453,36891,434786,262.93,206.09,299.864088,2614,22974,12.98,79.36
12,52.898008,19000,393113,236.61,1356.21,27.141295,36493,471279,272.69,221.70,297.737446,1783,24757,13.45,84.38
13,23.958821,41587,434700,243.49,1358.38,26.455338,37635,508914,280.77,235.23,318.988052,2708,27465,13.72,85.26
14,25.799023,38310,473010,249.27,1367.71,27.372839,35957,544871,288.69,244.26,332.647752,1625,29090,13.88,87.06
15,24.930376,39733,512743,252.22,1435.05,27.026356,36961,581832,295.21,259.41,433.053764,1878,30968,15.40,126.41
16,25.280188,26112,538855,258.50,1674.82,27.718652,35568,617400,301.87,274.10,275.346328,2194,33162,15.73,131.84
17,54.569166,24554,563409,260.47,1709.18,26.521371,37696,655096,307.68,286.13,507.951417,1080,34242,15.53,132.98
18,21.971424,46306,609715,264.62,1711.18,26.471980,37638,692734,312.81,296.15,331.863525,2446,36688,15.75,134.98
19,25.365892,29884,639599,269.77,1711.18,27.526690,36076,728810,318.41,311.00,321.352238,1900,38588,15.77,135.07
20,117.821577,10520,650119,277.79,1793.44,26.369776,37451,766261,323.04,329.99,545.646614,1080,39668,16.32,143.00
21,23.524552,42494,692613,280.46,1793.96,26.886007,36845,803106,327.18,341.40,391.039741,1213,40881,17.31,158.83
22,23.270146,43010,735623,282.37,1793.71,27.937852,35106,838212,331.27,354.37,377.544982,1446,42327,17.47,170.94
23,23.757398,41874,777497,285.47,1798.67,28.814872,35210,873422,334.29,363.17,499.223172,1295,43622,17.34,174.08
24,32.828218,30451,807948,288.71,1830.24,26.624863,36788,910210,338.09,377.47,325.782242,1864,45486,17.40,179.93
25,25.502283,39198,847146,290.64,1860.61,28.394340,35422,945632,341.27,392.54,459.201515,1233,46719,17.29,182.52
26,25.645852,37752,884898,292.37,1860.61,28.993905,34314,979946,343.63,410.50,566.449438,1433,48152,17.24,184.94
27,25.078615,41083,925981,294.32,1895.21,27.916558,35545,1015491,346.67,420.72,294.193544,1849,50001,17.87,207.73
28,21.228144,43878,969859,296.11,1895.21,27.437514,33492,1048983,348.74,428.43,262.290601,1898,51899,18.87,264.41
29,0.000000,0,969859,298.10,1936.37,32.739904,31631,1080614,351.11,444.24,305.232219,2437,54336,18.78,264.41
30,124.574061,16320,986179,297.16,1937.56,28.122924,36671,1117285,352.84,458.01,330.007199,1472,55808,18.72,266.49
31,16.829803,3194,989373,300.18,2029.63,27.584472,35089,1152374,354.73,469.88,251.184175,1049,56857,18.81,267.05
32,152.716324,12961,1002334,306.43,2053.84,33.007486,30937,1183311,356.58,482.56,652.893898,976,57833,19.11,289.68
33,22.877639,43622,1045956,306.20,2054.80,25.611716,38714,1222025,358.43,499.50,418.775234,1864,59697,19.39,307.71
34,28.126791,35442,1081398,306.86,2054.97,27.196166,36595,1258620,360.80,505.61,373.852075,1939,61636,19.37,307.71
35,25.262819,39518,1120916,307.95,2054.97,27.588048,34831,1293451,362.82,520.96,299.653810,2101,63737,19.36,308.85
36,32.629903,30739,1151655,309.71,2048.64,31.091320,33159,1326610,364.62,534.48,374.159026,1490,65227,19.26,309.93
37,23.210324,42955,1194610,309.49,2048.64,28.514887,34834,1361444,366.15,547.59,407.949503,1372,66599,19.24,310.54
38,25.547451,39113,1233723,310.43,2053.93,26.916103,36457,1397901,367.68,558.37,482.907656,824,67423,19.65,317.78
39,28.415798,35199,1268922,311.88,2055.56,27.884875,35629,1433530,368.92,570.90,427.617143,2030,69453,19.84,326.93
40,300.359702,1844,1270766,309.40,2055.56,28.241071,35205,1468735,370.39,580.79,300.539216,1636,71089,19.79,327.01
41,678.422250,2006,1272772,303.51,2055.56,26.905668,37167,1505902,371.88,592.43,406.628292,1670,72759,19.67,327.01
42,647.672319,1015,1273787,297.99,2055.56,27.092961,36951,1542853,373.37,608.44,396.409360,2103,74862,19.53,327.09
43,470.217274,2001,1275788,292.94,2055.56,27.990504,35423,1578276,374.79,624.08,302.056829,1635,76497,19.50,327.09
44,613.091735,1,1275789,287.63,2055.56,29.295564,34164,1612440,375.75,640.78,531.210438,732,77229,19.73,330.48
45,0.000000,0,1275789,282.16,2055.56,27.984948,35194,1647634,376.68,650.18,492.786981,993,78222,20.03,360.76
46,0.000000,0,1275789,277.32,2055.66,27.571825,35918,1683552,377.83,661.93,454.411620,1114,79336,19.90,361.87
47,0.000000,0,1275789,273.03,2055.76,27.275719,37065,1720617,379.20,670.73,261.752850,2423,81759,19.98,362.29
48,0.000000,0,1275789,268.93,2056.91,29.333843,34003,1754620,380.55,690.74,412.872937,1661,83420,19.88,362.29
49,0.000000,0,1275789,264.68,2057.10,29.286372,33868,1788488,381.29,702.02,336.314249,1786,85206,19.79,362.29
50,0.000000,0,1275789,260.17,2057.62,27.771546,35358,1823846,382.02,715.14,327.340638,1256,86462,19.91,363.22
51,0.000000,0,1275789,255.86,2057.91,30.018212,33652,1857498,383.30,726.55,941.495399,662,87124,20.18,366.82
52,0.000000,0,1275789,251.53,2057.76,29.989932,33147,1890645,384.13,735.22,372.220546,2782,89906,20.81,376.73
53,0.000000,0,1275789,247.83,2057.43,24.120160,40170,1930815,384.81,749.66,342.556241,1579,91485,20.92,391.30
54,0.000000,0,1275789,243.81,2057.09,29.648577,34409,1965224,385.63,761.66,449.342123,1437,92922,20.89,391.30
55,0.000000,0,1275789,239.96,2057.09,30.897377,32268,1997492,386.37,774.88,273.690482,2484,95406,21.35,417.33
56,0.000000,0,1275789,235.99,2057.09,23.620694,2508,,,,626.647463,100,95506,21.62,417.42
57,0.000000,0,1275789,232.87,2057.09,,,,,,407.262984,1154,96660,21.99,446.24
58,0.000000,0,1275789,229.85,2057.09,,,,,,271.149088,2060,98720,22.04,482.30
59,0.000000,0,1275789,227.06,2075.25,,,,,,292.248087,2183,100903,22.02,484.43
60,0.000000,0,1275789,224.30,2078.04,,,,,,404.608906,1692,102595,22.25,486.32
61,110.194706,21991,1297780,223.48,2078.74,,,,,,288.293928,963,103558,22.60,515.20
62,165.437038,5475,1303255,222.43,2083.80,,,,,,394.242141,1117,104675,22.89,550.71
63,16.323304,43071,1346326,223.34,2102.95,,,,,,355.504667,1495,106170,23.37,580.15
64,17.058454,39336,1385662,225.64,2103.73,,,,,,314.481025,2126,108296,23.73,659.57
65,17.015997,34774,1420436,227.20,2103.12,,,,,,352.338004,1407,109703,23.67,659.57
66,17.438760,42390,1462826,229.34,2152.30,,,,,,499.643787,1188,110891,23.52,659.57
67,17.466503,24160,1486986,230.82,2168.63,,,,,,387.468864,105,110996,23.61,659.66
68,270.815129,3352,1490338,229.27,2171.66,,,,,,527.038168,1287,112283,23.85,665.59
69,24.249080,20446,1510784,230.24,2363.17,,,,,,347.874514,1494,113777,24.14,668.85
70,1244.518659,2,1510786,230.47,2363.34,,,,,,435.772925,1512,115289,24.44,669.20
71,0.000000,0,1510786,228.28,2363.34,,,,,,339.182078,2245,117534,24.48,669.31
72,0.000000,0,1510786,226.62,2363.42,,,,,,347.498968,1110,118644,24.36,669.99
73,0.000000,0,1510786,225.81,2368.29,,,,,,0.000000,0,118644,24.57,669.99
74,0.000000,0,1510786,225.39,2368.50,,,,,,332.758628,2281,120925,24.87,672.89
75,0.000000,0,1510786,223.15,2368.50,,,,,,402.180082,1264,122189,25.42,689.69
76,0.000000,0,1510786,220.94,2368.50,,,,,,350.609887,1978,124167,25.48,689.87
77,0.000000,0,1510786,218.83,2368.50,,,,,,417.465002,1222,125389,25.37,689.87
78,67.996982,12879,1523665,217.34,2369.20,,,,,,393.371301,529,125918,25.37,689.87
79,29.896481,34461,1558126,218.34,2374.78,,,,,,133.397591,194,126112,25.50,689.96
80,43.965219,27951,1586077,219.35,2379.89,,,,,,118.913462,1500,127612,25.69,689.96
81,24.238635,42389,1628466,221.50,2420.65,,,,,,304.654673,655,128267,25.85,690.04
82,25.167556,39780,1668246,223.10,2439.80,,,,,,429.692678,2189,130456,26.00,690.04
83,23.413351,30738,1698984,224.59,2432.25,,,,,,311.043856,2181,132637,26.23,690.08
84,0.000000,0,1698984,226.47,2457.85,,,,,,252.053568,2057,134694,26.24,690.08
85,2274.520030,667,1699651,229.48,2501.91,,,,,,433.607871,1002,135696,26.21,690.60
86,15.444861,43434,1743085,231.51,2527.47,,,,,,0.000000,0,135696,26.35,690.77
87,25.064193,36642,1779727,233.36,2528.15,,,,,,163.191760,938,136634,26.68,691.36
88,28.766444,38834,1818561,235.47,2524.42,,,,,,0.000000,0,136634,27.09,701.92
89,24.338981,42404,1860965,237.43,2504.11,,,,,,78.593969,1143,137777,27.10,702.01
90,23.486515,39484,1900449,239.12,2499.34,,,,,,300.469440,2671,140448,26.98,702.01
91,23.476128,45859,1946308,240.80,2494.13,,,,,,276.364169,2243,142691,26.92,702.18
92,32.767040,30158,1976466,242.10,2483.05,,,,,,325.655165,1975,144666,26.86,702.18
93,42.523943,9661,,,,,,,,,0.000000,0,144666,27.22,702.35
94,,,,,,,,,,,633.921028,568,145234,27.59,769.41
95,,,,,,,,,,,375.784053,1214,146448,27.77,769.49
96,,,,,,,,,,,267.770120,2157,148605,27.96,769.49
97,,,,,,,,,,,477.358222,1046,149651,27.89,770.23
98,,,,,,,,,,,446.870696,1235,150886,27.78,770.23
99,,,,,,,,,,,355.730145,978,151864,27.76,770.23
100,,,,,,,,,,,0.000000,0,151864,27.87,771.62
101,,,,,,,,,,,222.429540,1136,153000,28.18,771.62
102,,,,,,,,,,,359.866144,109,153109,28.54,773.10
103,,,,,,,,,,,224.516206,557,153666,28.71,773.10
104,,,,,,,,,,,319.049346,1785,155451,28.60,774.47
105,,,,,,,,,,,318.786857,2037,157488,28.51,774.47
106,,,,,,,,,,,395.870862,1369,158857,28.43,774.47
107,,,,,,,,,,,365.244626,1891,160748,28.32,774.47
108,,,,,,,,,,,345.780317,262,161010,28.57,774.60
109,,,,,,,,,,,0.000000,0,161010,28.91,777.42
110,,,,,,,,,,,515.538558,333,161343,29.02,777.50
111,,,,,,,,,,,106.407841,31,161374,29.09,777.67
112,,,,,,,,,,,160.729128,1716,163090,29.10,777.67
113,,,,,,,,,,,345.716214,2069,165159,29.02,777.67
114,,,,,,,,,,,381.283465,2070,167229,28.97,777.67
115,,,,,,,,,,,378.171738,1534,168763,28.85,777.67
116,,,,,,,,,,,0.000000,0,168763,28.91,777.80
117,,,,,,,,,,,96.526337,884,169647,29.07,806.03
118,,,,,,,,,,,137.076433,285,169932,29.34,806.36
119,,,,,,,,,,,192.176676,242,170174,29.63,888.55
120,,,,,,,,,,,324.732764,1788,171962,29.69,928.49
121,,,,,,,,,,,287.474043,1484,173446,29.59,928.49
122,,,,,,,,,,,289.353151,2425,175871,29.52,928.67
123,,,,,,,,,,,327.761780,1380,177251,29.46,928.67
124,,,,,,,,,,,0.000000,0,177251,29.54,945.14
125,,,,,,,,,,,123.149199,344,177595,29.69,1025.09
126,,,,,,,,,,,141.653678,157,177752,29.79,1041.48
127,,,,,,,,,,,181.363101,471,178223,29.97,1107.19
128,,,,,,,,,,,68.955838,736,178959,30.04,1140.83
129,,,,,,,,,,,242.759091,1343,180302,30.12,1170.44
130,,,,,,,,,,,414.494751,2407,182709,30.11,1178.00
131,,,,,,,,,,,451.312785,1293,184002,30.01,1178.03
132,,,,,,,,,,,307.650245,1768,185770,29.96,1178.03
133,,,,,,,,,,,473.134623,837,186607,29.98,1185.11
134,,,,,,,,,,,0.000000,0,186607,30.25,1185.11
135,,,,,,,,,,,709.097875,333,186940,30.53,1239.77
136,,,,,,,,,,,0.000000,0,186940,30.40,1239.77
137,,,,,,,,,,,224.232776,738,187678,30.49,1239.77
138,,,,,,,,,,,316.232272,3063,190741,30.62,1239.77
139,,,,,,,,,,,438.204338,1348,192089,30.57,1239.77
140,,,,,,,,,,,386.204820,1169,193258,30.47,1239.77
141,,,,,,,,,,,268.034379,1950,195208,30.45,1239.77
142,,,,,,,,,,,0.000000,0,195208,30.57,1239.77
143,,,,,,,,,,,142.100261,250,195458,30.74,1239.77
144,,,,,,,,,,,454.359707,333,195791,30.94,1239.92
145,,,,,,,,,,,0.000000,0,195791,31.06,1272.98
146,,,,,,,,,,,167.014477,409,196200,31.16,1272.98
147,,,,,,,,,,,305.910710,2592,198792,31.30,1272.98
148,,,,,,,,,,,350.161733,1935,200727,31.31,1272.98
149,,,,,,,,,,,379.666661,1500,202227,31.23,1272.98
150,,,,,,,,,,,310.640309,995,203222,31.26,1272.98
151,,,,,,,,,,,0.000000,0,203222,31.31,1273.07
152,,,,,,,,,,,0.000000,0,203222,31.32,1273.07
153,,,,,,,,,,,0.000000,0,203222,31.16,1273.07
154,,,,,,,,,,,680.461178,333,203555,31.03,1273.07
155,,,,,,,,,,,0.000000,0,203555,31.18,1273.07
156,,,,,,,,,,,0.000000,0,203555,31.42,1273.07
157,,,,,,,,,,,315.722179,743,204298,31.69,1273.31
158,,,,,,,,,,,424.497547,1577,205875,31.78,1276.74
159,,,,,,,,,,,301.732702,1489,207364,31.72,1276.81
160,,,,,,,,,,,466.773971,1276,208640,31.62,1276.81
161,,,,,,,,,,,322.459252,1069,209709,31.60,1276.81
162,,,,,,,,,,,0.000000,0,209709,31.67,1277.06
163,,,,,,,,,,,0.000000,0,209709,31.70,1277.06
164,,,,,,,,,,,0.000000,0,209709,31.56,1277.06
165,,,,,,,,,,,572.345601,1179,210888,31.56,1277.06
166,,,,,,,,,,,0.000000,0,210888,31.74,1277.06
167,,,,,,,,,,,0.000000,0,210888,31.95,1340.82
168,,,,,,,,,,,409.478483,1460,212348,32.11,1395.25
169,,,,,,,,,,,388.873378,1521,213869,32.07,1395.25
170,,,,,,,,,,,0.000000,0,213869,32.10,1395.25
171,,,,,,,,,,,44.788981,1552,215421,32.18,1395.34
172,,,,,,,,,,,59.462508,2174,217595,32.39,1395.34
173,,,,,,,,,,,0.000000,0,217595,32.63,1395.34
174,,,,,,,,,,,0.000000,0,217595,32.80,1412.54
175,,,,,,,,,,,633.796510,32,217627,32.83,1465.95
176,,,,,,,,,,,363.608844,2363,219990,32.88,1465.95
177,,,,,,,,,,,274.747847,2022,222012,32.84,1465.95
178,,,,,,,,,,,223.343962,1487,223499,32.83,1470.12
179,,,,,,,,,,,0.000000,0,223499,32.89,1470.21
180,,,,,,,,,,,0.000000,0,223499,33.08,1470.30
181,,,,,,,,,,,0.000000,0,223499,33.27,1491.98
182,,,,,,,,,,,495.377487,282,223781,33.32,1492.07
183,,,,,,,,,,,0.000000,0,223781,33.32,1492.07
184,,,,,,,,,,,219.302614,838,224619,33.46,1498.77
185,,,,,,,,,,,291.431841,2296,226915,33.55,1502.02
186,,,,,,,,,,,428.837092,1003,227918,33.50,1502.02
187,,,,,,,,,,,289.974004,2143,230061,33.41,1502.02
188,,,,,,,,,,,397.371009,1016,231077,33.37,1502.02
189,,,,,,,,,,,0.000000,0,231077,33.42,1502.02
190,,,,,,,,,,,0.000000,0,231077,33.57,1502.10
191,,,,,,,,,,,0.000000,0,231077,33.74,1527.83
192,,,,,,,,,,,716.193190,325,231402,33.85,1565.47
193,,,,,,,,,,,0.000000,0,231402,33.81,1565.47
194,,,,,,,,,,,181.981206,1084,232486,33.87,1565.47
195,,,,,,,,,,,404.317208,1569,234055,33.98,1567.60
196,,,,,,,,,,,318.888415,1994,236049,34.04,1567.60
197,,,,,,,,,,,371.792664,1447,237496,33.95,1567.60
198,,,,,,,,,,,330.688008,1215,238711,33.90,1567.60
199,,,,,,,,,,,0.000000,0,238711,33.98,1567.60
200,,,,,,,,,,,0.000000,0,238711,34.15,1567.68
201,,,,,,,,,,,0.000000,0,238711,34.31,1567.85
202,,,,,,,,,,,629.768541,749,239460,34.38,1569.48
203,,,,,,,,,,,0.000000,0,239460,34.43,1572.73
204,,,,,,,,,,,291.555475,888,240348,34.52,1572.73
205,,,,,,,,,,,278.822799,2187,242535,34.60,1572.81
206,,,,,,,,,,,281.155976,2337,244872,34.59,1572.81
207,,,,,,,,,,,255.676912,1831,246703,34.56,1572.81
208,,,,,,,,,,,0.000000,0,246703,34.61,1572.81
209,,,,,,,,,,,0.000000,0,246703,34.64,1572.89
210,,,,,,,,,,,339.616669,679,247382,34.74,1572.89
211,,,,,,,,,,,0.000000,0,247382,34.84,1572.89
212,,,,,,,,,,,381.301445,602,247984,35.01,1587.13
213,,,,,,,,,,,278.236630,1913,249897,35.14,1587.22
214,,,,,,,,,,,491.455009,968,250865,35.23,1587.22
215,,,,,,,,,,,415.265910,2177,253042,35.22,1587.22
216,,,,,,,,,,,0.000000,0,253042,35.18,1587.22
217,,,,,,,,,,,0.000000,0,253042,35.19,1587.22
218,,,,,,,,,,,0.000000,0,253042,35.20,1587.22
219,,,,,,,,,,,0.000000,0,253042,35.21,1587.22
220,,,,,,,,,,,716.312260,406,253448,35.10,1587.22
221,,,,,,,,,,,0.000000,0,253448,35.21,1587.22
222,,,,,,,,,,,0.000000,0,253448,35.37,1587.48
223,,,,,,,,,,,0.000000,0,253448,35.51,1587.48
224,,,,,,,,,,,269.643295,533,253981,35.66,1587.48
225,,,,,,,,,,,443.207274,1632,255613,35.74,1587.48
226,,,,,,,,,,,231.164767,273,255886,35.78,1628.62
227,,,,,,,,,,,357.276330,98,255984,35.78,1628.62
228,,,,,,,,,,,0.000000,0,255984,35.87,1628.71
229,,,,,,,,,,,200.536279,1504,257488,36.01,1628.71
230,,,,,,,,,,,352.112915,1417,258905,36.08,1631.36
231,,,,,,,,,,,425.140967,58,258963,36.13,1674.07
232,,,,,,,,,,,136.482711,547,259510,36.14,1674.07
233,,,,,,,,,,,398.639110,823,260333,36.18,1674.15
234,,,,,,,,,,,348.668078,1420,261753,36.22,1674.15
235,,,,,,,,,,,562.002948,1050,262803,36.23,1674.15
236,,,,,,,,,,,466.970705,639,263442,36.15,1674.15
237,,,,,,,,,,,0.000000,0,263442,36.13,1674.15
238,,,,,,,,,,,107.245294,334,263776,36.15,1674.15
239,,,,,,,,,,,0.000000,0,263776,36.29,1674.36
240,,,,,,,,,,,0.000000,0,263776,36.42,1674.37
241,,,,,,,,,,,260.737778,1927,265703,36.56,1720.99
242,,,,,,,,,,,0.000000,0,265703,36.66,1721.07
243,,,,,,,,,,,211.364819,1586,267289,36.67,1721.07
244,,,,,,,,,,,460.552317,1255,268544,36.72,1721.07
245,,,,,,,,,,,430.541170,842,269386,36.76,1721.07
246,,,,,,,,,,,308.349223,1401,270787,36.75,1765.56
247,,,,,,,,,,,0.000000,0,270787,36.74,1765.56
248,,,,,,,,,,,218.499488,356,271143,36.76,1765.73
249,,,,,,,,,,,0.000000,0,271143,36.87,1768.48
250,,,,,,,,,,,578.815922,333,271476,36.99,1770.01
251,,,,,,,,,,,498.658232,1564,273040,37.00,1770.01
252,,,,,,,,,,,320.357673,332,273372,37.05,1777.10
253,,,,,,,,,,,59.019321,283,273655,37.10,1779.83
254,,,,,,,,,,,176.340728,2186,275841,37.13,1779.83
255,,,,,,,,,,,378.323076,1517,277358,37.18,1779.92
256,,,,,,,,,,,401.579829,1722,279080,37.22,1781.81
257,,,,,,,,,,,22.346126,1,279081,37.22,1827.67
258,,,,,,,,,,,320.400508,612,279693,37.24,1827.67
259,,,,,,,,,,,385.451989,686,280379,37.26,1827.67
260,,,,,,,,,,,351.188967,641,281020,37.38,1827.79
261,,,,,,,,,,,505.906551,35,281055,37.52,1832.23
262,,,,,,,,,,,0.000000,0,281055,37.64,1832.23
263,,,,,,,,,,,393.735173,1269,282324,37.75,1836.81
264,,,,,,,,,,,377.115898,2005,284329,37.80,1836.81
265,,,,,,,,,,,384.301156,1160,285489,37.80,1839.54
266,,,,,,,,,,,0.000000,0,285489,37.76,1839.54
267,,,,,,,,,,,130.453458,823,286312,37.76,1839.54
268,,,,,,,,,,,0.000000,0,286312,37.84,1839.71
269,,,,,,,,,,,291.926784,199,286511,37.95,1839.71
270,,,,,,,,,,,258.215675,1876,288387,38.06,1839.80
271,,,,,,,,,,,0.000000,0,288387,38.14,1839.99
272,,,,,,,,,,,68.982270,1865,290252,38.21,1842.04
273,,,,,,,,,,,342.748736,1719,291971,38.25,1842.72
274,,,,,,,,,,,433.882445,1486,293457,38.28,1842.81
275,,,,,,,,,,,343.524816,1199,294656,38.32,1844.85
276,,,,,,,,,,,0.000000,0,294656,38.35,1844.85
277,,,,,,,,,,,0.000000,0,294656,38.36,1844.85
278,,,,,,,,,,,0.000000,0,294656,38.35,1844.85
279,,,,,,,,,,,0.000000,0,294656,38.35,1844.85
280,,,,,,,,,,,436.312279,334,294990,38.30,1847.58
281,,,,,,,,,,,0.000000,0,294990,38.24,1847.58
282,,,,,,,,,,,0.000000,0,294990,38.26,1847.58
283,,,,,,,,,,,0.000000,0,294990,38.36,1847.58
284,,,,,,,,,,,465.496959,334,295324,38.47,1897.65
285,,,,,,,,,,,347.923668,1967,297291,38.56,1897.65
286,,,,,,,,,,,307.984468,1296,298587,38.58,1947.55
287,,,,,,,,,,,432.321443,560,299147,38.52,1947.55
288,,,,,,,,,,,100.279342,12,299159,38.51,1947.55
289,,,,,,,,,,,329.894100,1273,300432,38.52,1947.55
290,,,,,,,,,,,310.892459,1992,302424,38.54,1947.63
291,,,,,,,,,,,366.813826,103,302527,38.58,1951.30
292,,,,,,,,,,,195.563083,212,302739,38.61,2001.17
293,,,,,,,,,,,0.000000,0,302739,38.69,2001.34
294,,,,,,,,,,,0.000000,0,302739,38.79,2004.76
295,,,,,,,,,,,470.503269,593,303332,38.89,2004.84
296,,,,,,,,,,,378.815853,1827,305159,38.95,2007.57
297,,,,,,,,,,,309.679578,635,305794,38.97,2007.57
298,,,,,,,,,,,115.172673,270,306064,38.97,2010.98
299,,,,,,,,,,,455.028824,1317,307381,38.99,2010.98
300,,,,,,,,,,,443.419897,1271,308652,39.01,2010.98
301,,,,,,,,,,,391.999252,434,309086,39.02,2011.14
302,,,,,,,,,,,0.000000,0,309086,39.11,2011.14
303,,,,,,,,,,,0.000000,0,309086,39.21,2012.50
304,,,,,,,,,,,385.984409,534,309620,39.31,2117.13
305,,,,,,,,,,,0.000000,0,309620,39.42,2176.58
306,,,,,,,,,,,172.840870,1955,311575,39.47,2229.94
307,,,,,,,,,,,381.915673,1449,313024,39.51,2230.12
308,,,,,,,,,,,429.832630,1562,314586,39.54,2230.12
309,,,,,,,,,,,252.699466,66,314652,39.57,2293.03
310,,,,,,,,,,,0.000000,0,314652,39.57,2293.03
311,,,,,,,,,,,0.000000,0,314652,39.57,2345.75
312,,,,,,,,,,,0.000000,0,314652,39.56,2345.86
313,,,,,,,,,,,466.969105,1250,315902,39.55,2350.64
314,,,,,,,,,,,13.800399,1,315903,39.54,2350.64
315,,,,,,,,,,,152.626396,876,316779,39.56,2350.64
316,,,,,,,,,,,0.000000,0,316779,39.65,2400.68
317,,,,,,,,,,,0.000000,0,316779,39.74,2432.22
318,,,,,,,,,,,125.174723,147,316926,39.83,2434.96
319,,,,,,,,,,,463.525648,1233,318159,39.93,2547.04
320,,,,,,,,,,,450.706722,1035,319194,39.96,2602.45
321,,,,,,,,,,,0.000000,0,319194,39.95,2614.05
322,,,,,,,,,,,194.928971,906,320100,39.96,2614.05
323,,,,,,,,,,,287.825941,2522,322622,39.97,2614.14
324,,,,,,,,,,,516.765764,225,322847,40.03,2614.14
325,,,,,,,,,,,232.918416,333,323180,40.15,2616.19
326,,,,,,,,,,,0.000000,0,323180,40.23,2616.19
327,,,,,,,,,,,0.000000,0,323180,40.32,2620.33
328,,,,,,,,,,,215.777888,194,323374,40.40,2620.33
329,,,,,,,,,,,370.344447,1209,324583,40.43,2623.08
330,,,,,,,,,,,296.075374,1698,326281,40.43,2649.09
331,,,,,,,,,,,0.000000,0,326281,40.43,2649.09
332,,,,,,,,,,,168.278427,761,327042,40.45,2675.11
333,,,,,,,,,,,630.605965,957,327999,40.49,2686.72
334,,,,,,,,,,,318.695617,334,328333,40.56,2687.49
335,,,,,,,,,,,0.000000,0,328333,40.66,2687.49
336,,,,,,,,,,,0.000000,0,328333,40.74,2687.49
337,,,,,,,,,,,0.000000,0,328333,40.83,2687.49
338,,,,,,,,,,,0.000000,0,328333,40.91,2687.49
339,,,,,,,,,,,252.035978,599,328932,40.96,2687.49
340,,,,,,,,,,,481.028338,1640,330572,41.00,2690.22
341,,,,,,,,,,,0.000000,0,330572,41.00,2690.22
342,,,,,,,,,,,174.116421,838,331410,41.00,2690.22
343,,,,,,,,,,,308.947229,738,332148,41.02,2690.22
344,,,,,,,,,,,0.000000,0,332148,41.10,2692.79
345,,,,,,,,,,,0.000000,0,332148,41.17,2735.18
346,,,,,,,,,,,0.000000,0,332148,41.25,2741.92
347,,,,,,,,,,,986.788816,59,332207,41.36,2750.63
348,,,,,,,,,,,236.755577,416,332623,41.45,2750.63
349,,,,,,,,,,,348.588268,1418,334041,41.47,2750.63
350,,,,,,,,,,,337.515298,1589,335630,41.49,2750.63
351,,,,,,,,,,,405.605520,1908,337538,41.51,2750.63
352,,,,,,,,,,,0.000000,0,337538,41.57,2750.63
353,,,,,,,,,,,86.244991,874,338412,41.62,2753.36
354,,,,,,,,,,,76.217591,735,339147,41.67,2753.36
355,,,,,,,,,,,0.000000,0,339147,41.75,2753.36
356,,,,,,,,,,,0.000000,0,339147,41.82,2753.36
357,,,,,,,,,,,579.551322,334,339481,41.90,2753.36
358,,,,,,,,,,,363.365739,1269,340750,41.96,2866.26
359,,,,,,,,,,,0.000000,0,340750,42.03,2866.26
360,,,,,,,,,,,227.723076,1557,342307,42.05,2866.26
361,,,,,,,,,,,329.311762,1905,344212,42.06,2866.26
362,,,,,,,,,,,435.921961,988,345200,42.08,2866.26
363,,,,,,,,,,,462.179843,505,345705,42.11,2866.26
364,,,,,,,,,,,182.669567,461,346166,42.18,2868.99
365,,,,,,,,,,,142.015652,930,347096,42.21,2868.99
366,,,,,,,,,,,0.000000,0,347096,42.28,2879.07
367,,,,,,,,,,,0.000000,0,347096,42.35,2879.41
368,,,,,,,,,,,0.000000,0,347096,42.42,2935.81
369,,,,,,,,,,,0.000000,0,347096,42.47,2941.28
370,,,,,,,,,,,549.102667,641,347737,42.52,2941.28
371,,,,,,,,,,,0.000000,0,347737,42.55,2941.28
372,,,,,,,,,,,173.899304,1448,349185,42.55,2941.28
373,,,,,,,,,,,297.355882,1837,351022,42.56,2941.28
374,,,,,,,,,,,544.489344,1189,352211,42.57,2941.96
375,,,,,,,,,,,251.208664,326,352537,42.62,2941.96
376,,,,,,,,,,,0.000000,0,352537,42.69,2941.96
377,,,,,,,,,,,258.173155,1016,353553,42.71,2944.69
378,,,,,,,,,,,280.892029,383,353936,42.74,2944.69
379,,,,,,,,,,,0.000000,0,353936,42.80,3005.18
380,,,,,,,,,,,313.807629,46,353982,42.87,3006.55
381,,,,,,,,,,,311.217325,1366,355348,42.89,3010.64
382,,,,,,,,,,,0.000000,0,355348,42.96,3027.34
383,,,,,,,,,,,0.000000,0,355348,43.03,3027.19
384,,,,,,,,,,,274.426931,1044,356392,43.10,3032.91
385,,,,,,,,,,,396.008712,1702,358094,43.12,3032.91
386,,,,,,,,,,,348.395788,1542,359636,43.13,3032.91
387,,,,,,,,,,,0.000000,0,359636,43.20,3032.91
388,,,,,,,,,,,272.147085,178,359814,43.19,3032.91
389,,,,,,,,,,,391.137752,1645,361459,43.20,3032.91
390,,,,,,,,,,,0.000000,0,361459,43.23,3033.16
391,,,,,,,,,,,0.000000,0,361459,43.30,3081.67
392,,,,,,,,,,,293.616631,1555,363014,43.34,3081.67
393,,,,,,,,,,,0.000000,0,363014,43.40,3081.67
394,,,,,,,,,,,0.000000,0,363014,43.47,3081.93
395,,,,,,,,,,,703.042006,37,363051,43.53,3081.93
396,,,,,,,,,,,355.608345,1941,364992,43.58,3081.93
397,,,,,,,,,,,362.292318,2189,367181,43.58,3082.18
398,,,,,,,,,,,443.007526,245,367426,43.63,3088.57
399,,,,,,,,,,,0.000000,0,367426,43.62,3088.57
400,,,,,,,,,,,118.112337,848,368274,43.62,3088.57
401,,,,,,,,,,,192.738044,787,369061,43.63,3088.81
402,,,,,,,,,,,0.000000,0,369061,43.69,3130.21
403,,,,,,,,,,,920.864578,333,369394,43.76,3130.21
404,,,,,,,,,,,377.003012,1741,371135,43.79,3130.21
405,,,,,,,,,,,0.000000,0,371135,43.85,3154.72
406,,,,,,,,,,,0.000000,0,371135,43.91,3184.46
407,,,,,,,,,,,397.677433,1273,372408,43.97,3184.90
408,,,,,,,,,,,253.182408,2504,374912,43.99,3184.90
409,,,,,,,,,,,379.180030,662,375574,44.01,3184.90
410,,,,,,,,,,,0.000000,0,375574,44.08,3184.90
411,,,,,,,,,,,337.203330,1172,376746,44.09,3184.90
412,,,,,,,,,,,437.033702,929,377675,44.09,3185.04
413,,,,,,,,,,,0.000000,0,377675,44.14,3185.04
414,,,,,,,,,,,0.000000,0,377675,44.20,3185.04
415,,,,,,,,,,,318.022834,1169,378844,44.24,3185.04
416,,,,,,,,,,,395.763933,416,379260,44.28,3185.04
417,,,,,,,,,,,0.000000,0,379260,44.35,3185.21
418,,,,,,,,,,,0.000000,0,379260,44.40,3185.21
419,,,,,,,,,,,416.566367,1139,380399,44.44,3185.21
420,,,,,,,,,,,462.276258,1394,381793,44.45,3185.29
421,,,,,,,,,,,366.507850,1497,383290,44.45,3185.29
422,,,,,,,,,,,0.000000,0,383290,44.46,3251.58
423,,,,,,,,,,,277.983808,983,384273,44.46,3251.67
424,,,,,,,,,,,387.351561,634,384907,44.46,3251.67
425,,,,,,,,,,,444.089889,96,385003,44.51,3255.37
426,,,,,,,,,,,0.000000,0,385003,44.57,3255.37
427,,,,,,,,,,,289.158824,1626,386629,44.60,3255.37
428,,,,,,,,,,,388.164881,406,387035,44.64,3255.46
429,,,,,,,,,,,0.000000,0,387035,44.70,3255.46
430,,,,,,,,,,,0.000000,0,387035,44.75,3255.46
431,,,,,,,,,,,456.342443,1293,388328,44.80,3259.62
432,,,,,,,,,,,445.041085,948,389276,44.78,3261.72
433,,,,,,,,,,,217.874960,1405,390681,44.79,3263.82
434,,,,,,,,,,,0.000000,0,390681,44.85,3263.82
435,,,,,,,,,,,385.997641,978,391659,44.91,3263.82
436,,,,,,,,,,,444.922810,1104,392763,44.95,3263.91
437,,,,,,,,,,,0.000000,0,392763,45.00,3263.91
438,,,,,,,,,,,0.000000,0,392763,45.05,3263.91
439,,,,,,,,,,,286.151000,1177,393940,45.07,3263.91
440,,,,,,,,,,,595.901336,175,394115,45.08,3263.99
441,,,,,,,,,,,0.000000,0,394115,45.12,3263.99
442,,,,,,,,,,,0.000000,0,394115,45.17,3299.54
443,,,,,,,,,,,0.000000,0,394115,45.22,3299.54
444,,,,,,,,,,,394.991451,1699,395814,45.24,3299.57
445,,,,,,,,,,,307.211182,2014,397828,45.25,3299.57
446,,,,,,,,,,,585.154475,458,398286,45.28,3299.57
447,,,,,,,,,,,0.000000,0,398286,45.32,3299.57
448,,,,,,,,,,,281.525068,1002,399288,45.33,3299.57
449,,,,,,,,,,,375.661302,832,400120,45.33,3299.57
450,,,,,,,,,,,0.000000,0,400120,45.38,3309.19
451,,,,,,,,,,,0.000000,0,400120,45.44,3309.28
452,,,,,,,,,,,0.000000,0,400120,45.49,3309.28
453,,,,,,,,,,,317.197223,656,400776,45.51,3309.28
454,,,,,,,,,,,529.600861,64,400840,45.51,3309.37
455,,,,,,,,,,,0.000000,0,400840,45.57,3309.37
456,,,,,,,,,,,292.492563,1758,402598,45.60,3309.37
457,,,,,,,,,,,362.768348,1352,403950,45.60,3309.37
458,,,,,,,,,,,388.764684,1653,405603,45.61,3309.46
459,,,,,,,,,,,0.000000,0,405603,45.66,3309.46
460,,,,,,,,,,,0.000000,0,405603,45.71,3309.46
461,,,,,,,,,,,452.077651,1226,406829,45.77,3313.73
462,,,,,,,,,,,298.072659,304,407133,45.81,3313.90
463,,,,,,,,,,,0.000000,0,407133,45.86,3313.90
464,,,,,,,,,,,0.000000,0,407133,45.91,3313.90
465,,,,,,,,,,,0.000000,0,407133,45.96,3314.75
466,,,,,,,,,,,736.024787,333,407466,45.95,3314.92
467,,,,,,,,,,,0.000000,0,407466,46.00,3316.97
468,,,,,,,,,,,640.968182,631,408097,46.04,3316.97
469,,,,,,,,,,,306.560718,1851,409948,46.05,3316.97
470,,,,,,,,,,,549.995166,1300,411248,46.05,3317.06
471,,,,,,,,,,,393.468554,1270,412518,46.05,3420.43
472,,,,,,,,,,,0.000000,0,412518,46.10,3420.70
473,,,,,,,,,,,189.101557,1917,414435,46.12,3420.70
474,,,,,,,,,,,342.864804,195,414630,46.16,3420.70
475,,,,,,,,,,,0.000000,0,414630,46.21,3420.70
476,,,,,,,,,,,0.000000,0,414630,46.26,3420.78
477,,,,,,,,,,,0.000000,0,414630,46.30,3420.78
478,,,,,,,,,,,585.964023,497,415127,46.30,3420.84
479,,,,,,,,,,,0.000000,0,415127,46.31,3420.84
480,,,,,,,,,,,304.681259,499,415626,46.36,3420.84
481,,,,,,,,,,,364.019972,1290,416916,46.35,3420.84
482,,,,,,,,,,,316.965492,2005,418921,46.36,3420.84
483,,,,,,,,,,,501.716468,773,419694,46.37,3420.92
484,,,,,,,,,,,0.000000,0,419694,46.42,3420.92
485,,,,,,,,,,,0.000000,0,419694,46.47,3420.92
486,,,,,,,,,,,353.347386,1143,420837,46.53,3428.08
487,,,,,,,,,,,249.783396,660,421497,46.56,3428.25
488,,,,,,,,,,,0.000000,0,421497,46.61,3428.25
489,,,,,,,,,,,0.000000,0,421497,46.65,3428.25
490,,,,,,,,,,,330.935797,1050,422547,46.67,3428.25
491,,,,,,,,,,,494.556855,366,422913,46.67,3428.34
492,,,,,,,,,,,0.000000,0,422913,46.71,3428.34
493,,,,,,,,,,,0.000000,0,422913,46.75,3428.34
494,,,,,,,,,,,364.118725,1486,424399,46.78,3428.34
495,,,,,,,,,,,350.548608,1764,426163,46.78,3428.38
496,,,,,,,,,,,226.855048,1274,427437,46.83,3428.38
497,,,,,,,,,,,0.000000,0,427437,46.87,3428.38
498,,,,,,,,,,,258.964469,1360,428797,46.92,3428.38
499,,,,,,,,,,,292.930506,485,429282,46.96,3428.38
500,,,,,,,,,,,0.000000,0,429282,47.01,3428.47
501,,,,,,,,,,,0.000000,0,429282,47.05,3428.47
502,,,,,,,,,,,265.434838,587,429869,47.07,3428.47
503,,,,,,,,,,,199.142362,838,430707,47.07,3428.47
504,,,,,,,,,,,0.000000,0,430707,47.12,3428.55
505,,,,,,,,,,,243.029603,1374,432081,47.16,3428.55
506,,,,,,,,,,,303.545802,1525,433606,47.16,3428.55
507,,,,,,,,,,,434.255647,1606,435212,47.16,3428.64
508,,,,,,,,,,,326.318652,478,435690,47.19,3428.64
509,,,,,,,,,,,0.000000,0,435690,47.23,3428.64
510,,,,,,,,,,,368.854570,679,436369,47.28,3428.64
511,,,,,,,,,,,513.181463,1085,437454,47.30,3428.73
512,,,,,,,,,,,0.000000,0,437454,47.34,3428.73
513,,,,,,,,,,,0.000000,0,437454,47.39,3428.73
514,,,,,,,,,,,269.333448,156,437610,47.42,3428.73
515,,,,,,,,,,,501.205361,693,438303,47.41,3428.82
516,,,,,,,,,,,0.000000,0,438303,47.44,3428.82
517,,,,,,,,,,,0.000000,0,438303,47.48,3428.82
518,,,,,,,,,,,0.000000,0,438303,47.54,3428.82
519,,,,,,,,,,,346.103988,943,439246,47.57,3428.82
520,,,,,,,,,,,292.606103,1630,440876,47.57,3428.90
521,,,,,,,,,,,349.636766,866,441742,47.60,3428.90
522,,,,,,,,,,,0.000000,0,441742,47.64,3428.90
523,,,,,,,,,,,236.735714,1428,443170,47.68,3428.90
524,,,,,,,,,,,0.000000,0,443170,47.72,3428.99
525,,,,,,,,,,,0.000000,0,443170,47.77,3428.99
526,,,,,,,,,,,0.000000,0,443170,47.80,3428.99
527,,,,,,,,,,,533.438943,257,443427,47.82,3428.99
528,,,,,,,,,,,0.000000,0,443427,47.83,3428.99
529,,,,,,,,,,,0.000000,0,443427,47.87,3429.08
530,,,,,,,,,,,248.775179,713,444140,47.90,3429.08
531,,,,,,,,,,,264.858684,1251,445391,47.91,3429.08
532,,,,,,,,,,,354.953571,2307,447698,47.93,3429.17
533,,,,,,,,,,,219.229213,633,448331,47.94,3429.17
534,,,,,,,,,,,0.000000,0,448331,47.99,3429.17
535,,,,,,,,,,,464.844926,868,449199,48.04,3429.17
536,,,,,,,,,,,439.314673,1154,450353,48.03,3429.17
537,,,,,,,,,,,0.000000,0,450353,48.07,3429.17
538,,,,,,,,,,,0.000000,0,450353,48.11,3429.17
539,,,,,,,,,,,0.000000,0,450353,48.16,3429.17
540,,,,,,,,,,,0.000000,0,450353,48.19,3429.17
541,,,,,,,,,,,565.038302,326,450679,48.23,3429.17
542,,,,,,,,,,,0.000000,0,450679,48.24,3429.17
543,,,,,,,,,,,0.000000,0,450679,48.28,3429.17
544,,,,,,,,,,,583.171409,667,451346,48.31,3429.17
545,,,,,,,,,,,497.462736,1227,452573,48.31,3429.17
546,,,,,,,,,,,429.209945,1016,,,
