second,avg_latency_ms_etcd_v3,throughput_etcd_v3,cumulative_throughput_etcd_v3,avg_cpu_etcd_v3,avg_memory_mb_etcd_v3,avg_latency_ms_zookeeper_3.4.8,throughput_zookeeper_3.4.8,cumulative_throughput_zookeeper_3.4.8,avg_cpu_zookeeper_3.4.8,avg_memory_mb_zookeeper_3.4.8,avg_latency_ms_consul_0.6.4,throughput_consul_0.6.4,cumulative_throughput_consul_0.6.4,avg_cpu_consul_0.6.4,avg_memory_mb_consul_0.6.4
0,48.813054,4185,4185,2.04,49.92,34.739131,7419,7419,1.62,105.66,205.285541,1808,1808,1.57,20.90
1,53.785846,18347,22532,4.83,121.99,80.894421,11244,18663,5.10,169.17,209.073705,4827,6635,2.51,50.98
2,55.979015,17756,40288,7.63,133.85,64.579604,19320,37983,7.75,196.90,218.151909,4367,11002,3.73,59.35
3,80.452644,12566,52854,9.97,137.01,31.830922,31294,69277,11.20,306.82,220.176053,4757,15759,4.90,68.29
4,60.162760,16591,69445,12.77,146.57,31.310061,32011,101288,15.04,443.34,226.835974,4416,20175,5.97,72.08
5,64.144912,15676,85121,15.52,153.49,29.925852,33224,134512,18.18,523.24,227.450034,4288,24463,7.06,82.22
6,60.716120,16372,101493,18.18,160.68,34.176122,29453,163965,21.58,723.80,205.826887,4928,29391,8.18,93.24
7,62.876226,15500,116993,21.14,167.49,32.303125,30961,194926,25.07,805.75,214.993768,4608,33999,9.35,103.74
8,76.713957,13010,130003,23.79,175.95,31.729684,31301,226227,28.18,886.25,227.640523,4224,38223,10.37,100.08
9,68.291227,14958,144961,25.78,182.23,30.377425,32941,259168,30.98,885.79,228.951122,4596,42819,11.38,111.35
10,65.497889,15162,160123,28.35,191.34,66.882843,12928,272096,34.87,1179.88,214.603518,4684,47503,12.50,122.47
11,64.862903,15217,175340,30.89,195.20,46.405628,24453,296549,37.81,1269.78,221.299479,4479,51982,13.58,133.32
12,66.703501,14614,189954,33.24,200.22,28.663636,34584,331133,40.45,1269.79,229.681412,4177,56159,14.50,143.28
13,66.981427,15150,205104,35.64,208.71,33.918530,29766,360899,43.19,1370.34,215.605233,4765,60924,15.52,156.58
14,79.241165,12300,217404,37.61,214.36,30.603537,32312,393211,46.45,1370.34,218.769434,4562,65486,16.50,165.81
15,66.590422,14732,232136,39.92,222.37,35.057297,21619,414830,49.18,1371.03,247.099300,4114,69600,17.53,151.53
16,67.712731,14883,247019,42.18,228.20,93.766293,13371,428201,51.72,1480.18,229.552274,4397,73997,18.28,159.44
17,66.978405,15110,262129,44.51,233.42,28.298509,10052,438253,55.38,1742.32,213.565155,4672,78669,19.20,170.35
18,69.718426,14892,277021,46.77,241.09,57.796923,29527,467780,59.16,1754.26,223.072353,4421,83090,20.05,179.81
19,67.214243,12493,289514,48.89,246.92,31.106390,32207,499987,61.80,1753.55,209.707724,4859,87949,21.01,194.61
20,80.782003,14066,303580,50.63,251.23,34.465886,29075,529062,64.30,1771.08,219.633788,4371,92320,21.88,204.31
21,69.834602,14042,317622,52.84,261.25,30.796313,32416,561478,67.21,1838.34,220.084249,4589,96909,22.71,214.12
22,69.982219,14656,332278,54.84,266.72,32.739098,30647,592125,69.88,1848.63,225.749918,4415,101324,23.57,224.99
23,70.672659,13722,346000,56.81,274.72,30.344449,32925,625050,72.46,1848.63,212.130400,4736,106060,24.40,234.85
24,69.681134,14205,360205,58.87,282.88,33.525366,16988,642038,74.61,1860.99,213.561145,4416,110476,25.23,247.95
25,78.179908,12984,373189,60.62,285.56,104.758828,13567,655605,76.53,1914.72,223.847594,4736,115212,26.07,259.06
26,70.569974,14060,387249,62.47,291.32,37.096622,26968,682573,78.21,1915.01,223.734504,4480,119692,26.88,270.12
27,71.141706,13934,401183,64.26,296.18,31.467198,31867,714440,80.68,1915.01,222.507729,4584,124276,27.68,283.30
28,74.667161,13614,414797,66.05,306.98,31.053525,21994,736434,83.22,1915.01,217.099830,4504,128780,28.33,288.29
29,67.859651,14688,429485,68.00,314.52,126.161969,10479,746913,87.20,1999.17,234.164853,4288,133068,29.15,246.82
30,70.313412,14219,443704,69.81,317.85,32.479415,30723,777636,89.11,2000.89,221.729895,4480,137548,29.90,260.36
31,94.666997,10069,453773,71.04,321.05,38.478504,26024,803660,90.98,2013.13,229.829242,4288,141836,30.57,267.62
32,75.630940,13601,467374,72.77,331.98,30.965184,32099,835759,93.36,2012.18,222.538457,4608,146444,31.15,273.97
33,71.095986,13792,481166,74.47,335.51,33.619801,29866,865625,95.79,2050.34,218.216499,4469,150913,31.95,290.03
34,67.560716,14889,496055,76.12,344.33,30.925661,32279,897904,97.90,2050.34,221.289616,4721,155634,32.64,299.21
35,70.843106,14164,510219,77.77,351.32,32.693409,25578,923482,99.63,2084.87,226.714547,4314,159948,33.22,308.55
36,69.539172,14657,524876,79.56,354.00,167.110255,3272,926754,103.15,2179.13,231.864667,4160,164108,33.99,320.84
37,90.471705,10671,535547,80.72,364.30,107.476322,15027,941781,105.47,2199.34,226.210747,4671,168779,34.64,331.89
38,70.535566,14506,550053,82.38,368.66,31.352256,25764,967545,106.88,2199.84,220.408693,4480,173259,35.23,339.12
39,69.309157,14110,564163,83.87,375.32,970.146249,2084,969629,108.69,2255.59,211.489221,4479,177738,35.98,355.17
40,72.285746,14354,578517,85.57,382.29,276.228790,3566,973195,109.60,2256.10,218.590251,4480,182218,36.54,364.82
41,68.575279,14318,592835,87.05,389.07,45.173396,26169,999364,109.22,2256.10,214.122099,4709,186927,37.22,374.17
42,72.312466,13825,606660,88.67,395.82,33.219995,30093,1029457,109.46,2256.10,215.215370,4955,191882,37.84,384.21
43,77.144518,12317,618977,89.83,401.60,41.289047,20496,1049953,110.60,2256.10,223.599360,3642,195524,38.37,393.00
44,75.645560,13918,632895,91.49,412.38,52.489018,21990,1071943,111.71,2256.10,240.423775,4903,200427,38.96,403.87
45,70.311420,13021,645916,92.83,416.16,35.327384,28252,1100195,112.59,2256.10,214.010421,4736,205163,39.47,416.11
46,71.109842,14727,660643,94.20,421.74,30.766081,32427,1132622,114.30,2256.10,215.451868,4571,209734,40.07,424.01
47,75.655234,12931,673574,95.72,427.61,34.674250,28831,1161453,116.16,2256.10,214.337497,4644,214378,40.69,438.02
48,73.925315,14088,687662,96.89,434.14,36.641581,27304,1188757,117.95,2256.10,219.358058,4416,218794,41.21,447.48
49,79.958439,12602,700264,97.92,438.80,34.920415,28629,1217386,119.50,2265.79,224.952783,4608,223402,41.80,457.98
50,74.188945,13369,713633,99.57,449.64,35.613223,28048,1245434,120.98,2273.30,219.403892,4416,227818,42.30,464.86
51,68.618068,14305,727938,100.85,454.02,37.261835,26566,1272000,122.22,2273.30,225.921798,4480,232298,42.76,475.14
52,70.163078,13563,741501,102.11,460.63,33.166621,30351,1302351,123.87,2291.22,224.136198,4480,236778,43.34,486.60
53,78.613709,13563,755064,103.27,468.39,35.112251,28388,1330739,125.49,2330.86,226.285953,4288,241066,43.76,494.59
54,72.160429,13511,768575,104.65,475.24,30.416357,33048,1363787,127.27,2340.30,214.713888,4637,245703,44.34,509.83
55,76.672755,13180,781755,105.80,477.37,33.894962,29027,1392814,128.98,2376.63,216.457163,4835,250538,44.84,519.29
56,80.821649,12395,794150,107.02,487.07,36.531872,27723,1420537,130.41,2376.63,214.412666,4672,255210,45.39,533.24
57,71.037803,13935,808085,108.12,492.36,34.683395,28754,1449291,131.91,2390.60,229.037533,4013,259223,45.83,539.93
58,67.165516,14892,822977,109.34,498.17,35.387184,26492,1475783,133.57,2390.60,243.973759,4434,263657,46.20,441.06
59,69.017551,13244,836221,110.59,502.85,49.191641,21591,1497374,135.12,2427.08,217.300430,4522,268179,46.61,447.47
60,76.946147,13439,849660,111.80,511.10,46.229891,21533,1518907,136.25,2442.86,224.534249,4374,272553,47.08,455.78
61,91.783394,11440,861100,112.53,514.82,34.041644,15610,1534517,137.28,2467.36,231.216921,4352,276905,47.60,470.78
62,73.665488,13054,874154,113.65,519.72,845.548021,2865,1537382,138.73,2483.68,221.728453,4608,281513,48.00,479.57
63,76.368350,13272,887426,114.91,527.31,265.545920,3009,1540391,140.15,2515.49,223.211807,4480,285993,48.55,498.32
64,72.483722,13759,901185,116.00,537.46,87.004147,13942,1554333,140.45,2516.02,220.610618,4613,290606,49.18,500.48
65,72.216572,14273,915458,117.07,545.48,50.369342,20460,1574793,140.09,2516.02,228.299993,3984,294590,50.32,626.26
66,73.304411,12789,928247,118.20,549.78,39.487400,25321,1600114,140.26,2516.03,454.724674,2193,296783,50.72,752.17
67,90.852753,11534,939781,118.93,553.11,35.706050,27945,1628059,141.66,2527.22,424.849413,2075,298858,50.93,793.88
68,76.174026,12491,952272,120.00,561.54,40.585634,24730,1652789,142.64,2539.09,631.087560,1248,300106,51.18,822.86
69,73.940321,14050,966322,121.21,567.33,33.031675,10397,1663186,144.28,2555.56,961.264662,997,301103,51.40,840.66
70,73.537919,13572,979894,122.21,574.66,723.521878,3552,1666738,145.49,2562.33,949.593829,984,302087,51.39,843.32
71,72.134956,13982,993876,123.22,577.90,28.418106,23484,1690222,146.48,2601.94,1160.817951,792,302879,51.53,851.25
72,70.553960,14046,1007922,124.27,582.75,34.783939,18916,1709138,147.53,2608.79,1375.908734,779,303658,51.32,851.25
73,83.646242,11796,1019718,124.77,589.89,26.596326,25383,1734521,148.15,2629.32,1611.881860,429,304087,51.45,856.18
74,72.270019,13989,1033707,125.68,602.15,45.112451,19980,1754501,150.22,2653.98,1767.778337,695,304782,51.54,857.67
75,74.767601,13240,1046947,126.67,608.71,40.709088,23308,1777809,152.39,2678.60,1737.396645,393,305175,51.34,857.67
76,76.450082,13192,1060139,127.59,614.84,38.991309,24144,1801953,153.40,2680.28,1770.729623,681,305856,51.44,861.21
77,79.576730,12590,1072729,128.48,621.56,39.773536,27167,1829120,154.56,2702.99,1826.425380,485,306341,51.23,862.59
78,74.385157,13445,1086174,129.45,626.90,41.842796,23851,1852971,155.52,2709.31,1786.702843,549,306890,51.37,863.57
79,82.206479,12052,1098226,130.35,633.79,31.721509,28673,1881644,156.34,2710.48,1760.768753,545,307435,51.38,864.44
80,77.900026,12748,1110974,131.26,640.65,63.546962,17234,1898878,157.63,2700.76,1820.293656,551,307986,51.26,866.05
81,66.440740,15319,1126293,132.33,647.03,44.411162,22194,1921072,159.15,2702.01,1832.920744,677,308663,51.34,869.46
82,74.263320,12675,1138968,133.26,656.48,35.893411,28127,1949199,160.15,2698.18,1810.205780,428,309091,51.16,873.77
83,67.863387,14530,1153498,134.16,662.61,41.670201,22603,1971802,161.05,2739.27,1848.936064,636,309727,51.46,876.35
84,74.279100,14093,1167591,134.83,668.86,47.123884,22470,1994272,161.94,2761.40,1867.627866,386,310113,51.27,876.35
85,80.067090,11845,1179436,135.55,673.22,39.263477,25362,2019634,163.08,2769.17,1829.547117,734,310847,51.35,876.47
86,77.205400,13685,1193121,136.44,686.90,39.641118,24265,2043899,164.29,2792.84,1824.745574,343,311190,51.27,876.47
87,84.612412,11806,1204927,137.24,694.20,33.224600,18072,2061971,165.49,2838.93,1877.738869,678,311868,51.26,876.71
88,69.990187,12762,1217689,138.11,699.37,1017.309610,1203,2063174,166.36,2860.86,1846.463851,497,312365,51.21,876.71
89,75.655245,14443,1232132,138.70,703.67,73.369939,18966,2082140,167.28,2893.93,1781.811846,545,312910,51.17,876.71
90,85.142116,11815,1243947,139.48,709.76,58.991961,12897,2095037,168.17,2925.21,1859.600167,521,313431,51.12,876.80
91,86.864763,10388,1254335,140.18,718.47,83.655439,7126,2102163,168.98,2925.21,1886.012598,549,313980,51.09,876.80
92,73.267866,14835,1269170,141.10,723.07,679.446939,2268,2104431,169.76,2950.47,1802.388071,678,314658,51.03,876.80
93,71.521279,13751,1282921,141.63,725.65,41.633721,26624,2131055,169.98,2970.31,1776.208306,399,315057,51.01,877.02
94,81.969858,12486,1295407,142.35,731.05,44.165167,21132,2152187,170.04,2973.92,1882.671160,667,315724,50.95,877.67
95,74.818658,13389,1308796,143.28,740.67,44.720006,25446,2177633,170.68,2983.29,1875.687290,392,316116,51.03,878.25
96,88.815093,11154,1319950,144.10,748.77,36.067615,27855,2205488,172.06,3020.36,1779.992705,735,316851,50.88,879.69
97,66.062134,12895,1332845,144.53,750.51,43.463171,22918,2228406,173.26,3034.77,1994.862437,265,317116,51.06,881.63
98,75.149603,15291,1348136,145.39,754.28,72.190866,13181,2241587,173.27,3035.76,2005.227699,725,317841,50.96,881.63
99,83.071563,11936,1360072,146.17,762.79,44.603225,21248,2262835,173.98,3055.21,1821.779825,407,318248,51.08,881.93
100,81.684296,12332,1372404,147.01,772.67,47.396670,23268,2286103,174.72,3061.32,1777.612743,627,318875,50.92,882.03
101,70.463990,14313,1386717,147.48,775.88,43.086244,23120,2309223,175.91,3061.08,1740.712203,558,319433,51.02,884.12
102,81.499838,11409,1398126,148.27,783.20,36.803782,27200,2336423,177.02,3059.94,1814.478623,475,319908,50.85,884.27
103,71.732741,14567,1412693,148.83,789.95,42.283753,21105,2357528,178.06,3063.37,1798.226918,634,320542,50.95,885.31
104,88.260902,11199,1423892,149.37,797.90,37.817395,23836,2381364,178.34,3065.03,1744.467017,548,321090,50.78,885.31
105,90.227961,11068,1434960,150.05,800.62,152.356102,9647,2391011,179.01,3061.04,1737.569338,642,321732,50.87,885.73
106,72.980382,13375,1448335,150.84,807.63,30.555979,21702,2412713,179.41,3057.17,1815.597057,516,322248,50.69,885.73
107,69.538146,14668,1463003,151.46,814.49,58.150853,15631,2428344,180.34,3055.26,1763.940126,585,322833,50.79,886.87
108,89.266018,11444,1474447,152.00,818.29,44.584338,23805,2452149,181.07,3053.80,1719.804646,598,323431,50.75,886.87
109,75.113048,13383,1487830,152.97,825.30,40.753236,25863,2478012,181.93,3062.83,1747.883949,509,323940,50.72,887.42
110,67.510130,12946,1500776,153.57,832.20,40.701311,25688,2503700,182.47,3080.25,1738.548523,603,324543,50.69,888.03
111,79.824883,13879,1514655,154.28,836.25,42.465297,23594,2527294,183.15,3093.98,1715.746938,578,325121,50.82,888.45
112,100.120414,10040,1524695,155.14,840.99,40.567641,20223,2547517,184.38,3119.79,1800.717014,544,325665,50.85,888.61
113,73.877359,13393,1538088,155.77,848.08,42.941046,27209,2574726,185.44,3119.61,1816.405628,562,326227,50.74,888.61
114,71.457456,13800,1551888,156.53,853.87,40.526086,24810,2599536,186.19,3140.25,1737.788526,655,326882,50.83,888.75
115,86.406629,10588,1562476,157.36,861.10,39.164782,23127,2622663,187.00,3141.33,1753.693274,506,327388,50.68,889.07
116,78.442616,10646,1573122,157.63,866.93,44.048217,22873,2645536,188.05,3163.85,1811.752504,540,327928,50.77,890.25
117,95.994636,13126,1586248,158.49,871.90,59.632288,13628,2659164,188.95,3174.07,1726.536291,582,328510,50.62,890.25
118,72.739239,13726,1599974,159.21,878.64,105.882872,8391,2667555,189.84,3191.11,1751.844955,559,329069,50.72,890.25
119,88.324379,11017,1610991,159.86,885.48,69.294447,19313,2686868,190.76,3228.73,1837.487571,540,329609,50.56,890.52
120,73.271653,12852,1623843,160.68,892.62,103.636418,9034,2695902,191.49,3247.94,1792.940707,567,330176,50.66,890.95
121,79.711068,13638,1637481,161.10,896.61,48.540569,23427,2719329,192.19,3291.42,1725.206716,629,330805,50.50,890.95
122,78.420604,10292,1647773,161.92,904.83,59.072668,14719,2734048,192.98,3341.01,1758.352002,554,331359,50.60,891.19
123,82.424818,14425,1662198,162.33,909.25,99.546557,10950,2744998,193.28,3356.57,1822.499220,556,331915,50.44,891.60
124,101.457953,9870,1672068,163.00,913.56,38.645947,27580,2772578,193.69,3401.31,1733.017639,537,332452,50.55,893.62
125,58.017609,13918,1685986,164.05,926.31,38.118717,26191,2798769,194.47,3411.21,1765.391049,565,333017,50.53,897.16
126,78.491373,14916,1700902,164.42,929.47,40.545078,23590,2822359,195.16,3435.35,1801.193523,470,333487,50.64,897.34
127,103.382408,9785,1710687,165.29,936.82,40.316093,25782,2848141,195.88,3435.35,1749.596478,719,334206,50.48,897.51
128,55.591180,15399,1726086,165.70,939.31,39.140208,25500,2873641,196.08,3456.47,1721.703279,536,334742,50.58,897.67
129,135.208602,8369,1734455,166.29,945.03,36.524254,24722,2898363,196.54,3466.70,1754.725427,554,335296,50.44,897.81
130,75.073345,13325,1747780,166.86,954.68,38.792982,28504,2926867,196.62,3488.25,1777.097449,622,335918,50.48,897.92
131,76.345868,12840,1760620,167.54,958.95,42.008041,23722,2950589,197.08,3488.84,1719.348317,520,336438,50.40,898.06
132,76.170017,13044,1773664,168.34,965.35,31.575349,29299,2979888,197.22,3493.51,1767.001197,565,337003,50.40,898.46
133,74.092976,13438,1787102,168.80,970.45,90.053088,6976,2986864,197.26,3499.04,1847.328885,459,337462,50.35,898.46
134,83.929474,9736,1796838,169.60,980.18,121.857449,8181,2995045,197.86,3498.74,1780.226249,722,338184,50.34,898.46
135,95.632110,12686,1809524,169.87,982.25,1022.161851,133,2995178,198.21,3498.73,1754.570454,371,338555,50.31,899.71
136,80.260360,10306,1819830,170.56,990.20,6282.861876,32,,,,1814.001838,683,339238,50.29,899.91
137,90.651643,12944,1832774,170.92,994.08,,,,,,1796.450776,656,339894,50.52,905.74
138,79.184631,12437,1845211,171.73,1000.39,,,,,,1749.904738,369,340263,50.66,905.83
139,77.258587,12891,1858102,172.08,1002.15,,,,,,1900.810042,666,340929,50.71,1016.27
140,78.521024,12847,1870949,172.90,1010.37,,,,,,1660.295574,621,341550,50.84,1031.67
141,75.734108,13114,1884063,173.35,1015.71,,,,,,1283.226576,913,342463,50.87,1074.18
142,91.021063,8554,1892617,173.97,1021.56,,,,,,1161.919307,796,343259,50.99,1074.71
143,81.494654,14945,1907562,174.35,1025.57,,,,,,1112.650927,1000,344259,51.02,1074.88
144,134.243972,7491,1915053,175.04,1031.03,,,,,,939.309892,1185,345444,51.16,1074.88
145,60.211988,16674,1931727,175.43,1039.33,,,,,,854.545508,1118,346562,51.20,1074.88
146,108.454028,9183,1940910,176.19,1045.81,,,,,,826.556592,1386,347948,51.33,1074.88
147,56.521198,17170,1958080,176.57,1050.89,,,,,,740.791062,1317,349265,51.38,1074.88
148,126.302150,8009,1966089,177.27,1056.09,,,,,,608.909769,1923,351188,51.65,1074.88
149,69.894607,14244,1980333,177.44,1060.22,,,,,,484.011153,2006,353194,51.67,1074.88
150,123.023384,7446,1987779,178.16,1066.07,,,,,,575.435710,1773,354967,52.00,1074.88
151,64.535517,15887,2003666,178.50,1069.11,,,,,,531.281120,1437,356404,51.97,1074.97
152,106.914670,9073,2012739,179.25,1077.48,,,,,,515.126471,2391,358795,52.30,1074.97
153,64.860025,13668,2026407,179.54,1081.09,,,,,,491.844698,2065,360860,52.36,1074.97
154,97.866063,11341,2037748,180.28,1092.10,,,,,,435.326522,2098,362958,52.59,1074.97
155,72.804916,12076,2049824,180.47,1097.08,,,,,,507.988955,2157,365115,52.74,1074.97
156,91.018926,12377,2062201,181.14,1101.41,,,,,,437.459326,2138,367253,52.74,1074.97
157,88.908393,10762,2072963,181.43,1106.13,,,,,,497.211161,2003,369256,53.07,1074.97
158,79.397522,14071,2087034,182.11,1112.00,,,,,,479.445783,2064,371320,53.03,1074.97
159,92.436358,9463,2096497,182.46,1114.95,,,,,,508.043313,2134,373454,53.36,1074.97
160,72.655365,15791,2112288,183.16,1121.39,,,,,,464.829693,2070,375524,53.38,1074.97
161,93.092673,7838,2120126,183.55,1126.95,,,,,,443.597170,2070,377594,53.69,1074.97
162,77.551886,14209,2134335,183.73,1132.44,,,,,,501.540082,2130,379724,53.78,1074.97
163,111.476622,9577,2143912,184.33,1138.71,,,,,,428.345228,2312,382036,53.98,1074.97
164,80.757226,13259,2157171,184.64,1141.65,,,,,,458.855515,2373,384409,54.11,1074.97
165,83.160676,10950,2168121,185.41,1151.27,,,,,,393.277972,2219,386628,54.11,1074.97
166,78.312786,13957,2182078,185.63,1151.87,,,,,,398.401149,2831,389459,54.46,1075.06
167,77.978743,11604,2193682,186.58,1163.31,,,,,,290.008074,3386,392845,54.51,1075.06
168,69.297860,15718,2209400,186.66,1165.34,,,,,,277.090660,3781,396626,54.97,1075.06
169,85.576489,8539,2217939,187.29,1178.67,,,,,,290.061135,3338,399964,55.04,1075.06
170,99.404173,12727,2230666,187.73,1182.33,,,,,,307.148328,3193,403157,55.46,1075.06
171,60.209480,12157,2242823,188.21,1186.78,,,,,,314.353500,2665,405822,55.50,1075.06
172,108.888775,11834,2254657,188.71,1191.38,,,,,,313.513851,3712,409534,55.76,1075.23
173,58.274340,13459,2268116,189.02,1197.01,,,,,,260.068950,3945,413479,56.05,1075.23
174,101.288801,10834,2278950,189.69,1206.01,,,,,,235.220111,4106,417585,56.22,1075.23
175,67.459566,14610,2293560,189.81,1208.94,,,,,,272.929694,3870,421455,56.67,1075.23
176,108.090333,10160,2303720,190.50,1214.66,,,,,,249.319734,3968,425423,56.75,1075.23
177,81.295661,12566,2316286,190.76,1220.31,,,,,,279.162935,3482,428905,57.21,1075.39
178,95.609205,10427,2326713,191.18,1227.47,,,,,,245.190384,4255,433160,57.30,1075.39
179,85.949054,11661,2338374,191.67,1233.03,,,,,,258.698508,3783,436943,57.51,1075.39
180,87.079629,11461,2349835,191.90,1233.90,,,,,,254.894089,4032,440975,57.84,1075.73
181,59.468384,13464,2363299,192.59,1240.73,,,,,,263.742612,3726,444701,58.04,1075.73
182,99.711854,9035,2372334,192.68,1246.14,,,,,,260.040902,3655,448356,58.19,1075.73
183,92.695171,13794,2386128,193.20,1255.18,,,,,,280.006953,3827,452183,58.51,1075.90
184,86.544041,11357,2397485,193.63,1262.54,,,,,,230.772394,4160,456343,58.66,1075.90
185,97.882263,10392,2407877,193.77,1264.12,,,,,,258.470131,3138,459481,58.89,1077.79
186,57.287947,14259,2422136,194.51,1271.17,,,,,,257.325727,4777,464258,59.22,1078.40
187,153.406197,7660,2429796,194.68,1273.45,,,,,,220.368520,4544,468802,59.30,1078.66
188,59.455116,16644,2446440,195.33,1281.75,,,,,,295.477588,3072,471874,59.64,1088.80
189,124.374865,8125,2454565,195.59,1285.36,,,,,,235.881785,4608,476482,59.85,1090.81
190,70.385553,14322,2468887,195.79,1288.45,,,,,,266.137415,3775,480257,60.06,1091.16
191,58.278905,11335,2480222,196.71,1299.96,,,,,,251.197191,3712,483969,60.25,1096.60
192,94.187301,13956,2494178,196.89,1303.08,,,,,,251.909191,3855,487824,60.47,1102.84
193,61.294008,13978,2508156,197.51,1310.77,,,,,,271.200044,4017,491841,60.66,1103.36
194,101.379613,10253,2518409,197.87,1313.58,,,,,,231.324559,4288,496129,60.73,1103.45
195,65.350942,16681,2535090,198.08,1318.92,,,,,,286.689382,3590,499719,61.08,1113.46
196,105.171454,8851,2543941,198.79,1327.15,,,,,,241.530992,3961,503680,61.27,1115.08
197,82.484608,13297,2557238,198.98,1331.55,,,,,,245.128808,4032,507712,61.31,1115.25
198,98.878846,10047,2567285,199.47,1338.79,,,,,,281.626477,3648,511360,61.51,1118.68
199,71.578716,12176,2579461,199.89,1343.21,,,,,,267.301511,3648,515008,61.71,1131.78
200,69.799734,13660,2593121,200.10,1346.32,,,,,,245.975546,4160,519168,61.91,1132.93
201,82.622573,13256,2606377,200.79,1355.52,,,,,,285.215313,3486,522654,62.10,1138.02
202,109.389856,9899,2616276,200.81,1358.72,,,,,,236.586828,4288,526942,62.17,1138.55
203,105.914027,9301,2625577,201.07,1360.77,,,,,,238.997862,3784,530726,62.38,1145.48
204,56.912248,14508,2640085,201.69,1369.34,,,,,,274.483292,3929,534655,62.73,1156.63
205,92.589241,11078,2651163,201.90,1375.13,,,,,,241.804706,4202,538857,62.79,1156.98
206,86.166576,13411,2664574,202.35,1383.81,,,,,,240.739409,3542,542399,62.90,1162.17
207,73.383065,11610,2676184,202.75,1390.61,,,,,,261.532914,4352,546751,63.13,1170.00
208,128.252229,8960,2685144,202.84,1392.16,,,,,,233.816501,4101,550852,63.29,1175.89
209,70.045804,13940,2699084,203.34,1400.70,,,,,,245.218050,3451,554303,63.54,1184.41
210,84.841878,11145,2710229,203.70,1407.53,,,,,,273.556081,4288,558591,63.70,1185.03
211,92.191983,11558,2721787,203.88,1409.98,,,,,,233.400478,4352,562943,63.75,1185.11
212,55.872381,16138,2737925,204.68,1421.27,,,,,,250.489153,3807,566750,63.84,1194.16
213,173.024914,6276,2744201,204.81,1422.73,,,,,,281.197713,3694,570444,64.17,1201.29
214,58.380193,17142,2761343,205.22,1429.84,,,,,,225.524491,4467,574911,64.38,1212.14
215,76.361205,9711,2771054,205.71,1433.80,,,,,,274.300084,3525,578436,64.43,1212.48
216,108.005766,11760,2782814,205.81,1434.52,,,,,,290.446180,3464,581900,64.61,1219.33
217,59.512505,16627,2799441,206.39,1442.77,,,,,,234.347406,4338,586238,64.65,1220.05
218,120.909927,7693,2807134,206.78,1449.27,,,,,,226.737647,4608,590846,64.85,1232.95
219,69.053697,15392,2822526,206.93,1453.63,,,,,,215.100409,4415,595261,64.93,1236.83
220,60.932724,10552,2833078,207.48,1465.61,,,,,,279.772829,3712,598973,65.30,1255.86
221,109.259424,11146,2844224,207.74,1469.19,,,,,,216.448121,4544,603517,65.36,1257.24
222,80.306809,14005,2858229,207.83,1473.67,,,,,,212.854378,4608,608125,65.43,1258.26
223,105.570361,9681,2867910,208.39,1483.40,,,,,,223.960939,3968,612093,65.62,1265.80
224,71.948238,11632,2879542,208.67,1485.77,,,,,,250.753848,4559,616652,65.87,1281.83
225,70.032783,16082,2895624,208.85,1490.75,,,,,,203.245578,4721,621373,65.93,1286.46
226,102.951163,9678,2905302,209.50,1497.78,,,,,,276.165884,3587,624960,66.13,1300.65
227,83.244765,11920,2917222,209.68,1501.85,,,,,,264.634757,3633,628593,66.14,1309.87
228,67.409041,10883,2928105,209.73,1504.80,,,,,,239.115730,4520,633113,66.38,1315.17
229,100.022344,12666,2940771,210.38,1513.45,,,,,,207.523273,4864,637977,66.43,1318.91
230,79.899141,12541,2953312,210.59,1519.36,,,,,,237.989892,4147,642124,66.67,1333.78
231,121.628767,8353,2961665,210.70,1521.36,,,,,,233.310816,4049,646173,66.70,1345.10
232,58.593296,16126,2977791,211.38,1525.93,,,,,,496.841395,2043,648216,66.99,1359.11
233,81.431031,12571,2990362,211.54,1532.05,,,,,,331.822688,2972,651188,67.00,1360.11
234,125.295420,8232,,,,,,,,,408.117459,2260,653448,66.94,1361.64
235,56.497437,1406,,,,,,,,,507.514172,1935,655383,66.86,1362.92
236,,,,,,,,,,,536.662555,1810,657193,66.77,1364.44
237,,,,,,,,,,,610.725892,1486,658679,66.66,1366.17
238,,,,,,,,,,,681.421253,1456,660135,66.56,1367.11
239,,,,,,,,,,,744.898291,1326,661461,66.45,1375.90
240,,,,,,,,,,,836.866141,1097,662558,66.51,1382.32
241,,,,,,,,,,,918.680638,1005,663563,66.39,1390.56
242,,,,,,,,,,,1013.179314,1000,664563,66.48,1397.77
243,,,,,,,,,,,960.346800,1136,665699,66.36,1399.95
244,,,,,,,,,,,956.678876,986,666685,66.23,1406.61
245,,,,,,,,,,,1073.720761,867,667552,66.25,1412.10
246,,,,,,,,,,,1246.118252,899,668451,66.17,1412.63
247,,,,,,,,,,,1163.374406,721,669172,66.03,1413.21
248,,,,,,,,,,,1176.667971,740,669912,65.90,1413.89
249,,,,,,,,,,,1182.277412,929,670841,65.77,1414.51
250,,,,,,,,,,,1178.632781,917,671758,65.64,1414.64
251,,,,,,,,,,,1172.510039,814,672572,65.50,1415.06
252,,,,,,,,,,,1188.318634,931,673503,65.38,1415.52
253,,,,,,,,,,,1156.941370,907,674410,65.25,1416.30
254,,,,,,,,,,,1119.481079,862,675272,65.12,1417.16
255,,,,,,,,,,,1047.972081,880,676152,64.99,1418.52
256,,,,,,,,,,,981.566199,1129,677281,64.88,1419.61
257,,,,,,,,,,,898.240981,1216,678497,64.77,1425.14
258,,,,,,,,,,,885.862780,1076,679573,64.66,1432.08
259,,,,,,,,,,,856.691082,1143,680716,64.60,1439.11
260,,,,,,,,,,,821.486424,1070,681786,64.70,1442.24
261,,,,,,,,,,,695.477398,1853,683639,64.75,1444.17
262,,,,,,,,,,,506.564654,2001,685640,64.68,1448.26
263,,,,,,,,,,,501.820816,1834,687474,64.67,1457.73
264,,,,,,,,,,,638.557762,1570,689044,64.70,1459.58
265,,,,,,,,,,,624.485430,1600,690644,64.61,1460.86
266,,,,,,,,,,,586.906082,1825,692469,64.53,1463.02
267,,,,,,,,,,,545.197085,1903,694372,64.46,1464.16
268,,,,,,,,,,,531.446167,1807,696179,64.38,1465.89
269,,,,,,,,,,,506.441280,1951,698130,64.32,1467.47
270,,,,,,,,,,,504.854237,2002,700132,64.25,1469.57
271,,,,,,,,,,,468.589575,2242,702374,64.19,1471.05
272,,,,,,,,,,,464.326074,2330,704704,64.51,1481.52
273,,,,,,,,,,,224.986250,4552,709256,64.58,1482.77
274,,,,,,,,,,,263.592101,3689,712945,64.78,1492.69
275,,,,,,,,,,,258.639407,3807,716752,64.80,1496.71
276,,,,,,,,,,,294.331965,3398,720150,64.81,1498.68
277,,,,,,,,,,,300.268970,3288,723438,64.86,1500.50
278,,,,,,,,,,,339.878018,2833,726271,64.93,1502.77
279,,,,,,,,,,,414.075336,2108,728379,65.28,1551.27
280,,,,,,,,,,,426.830876,2618,730997,65.62,1562.18
281,,,,,,,,,,,392.930312,2051,733048,65.64,1564.92
282,,,,,,,,,,,491.441233,2379,735427,65.63,1605.94
283,,,,,,,,,,,424.360892,2269,737696,65.76,1633.33
284,,,,,,,,,,,436.856682,2305,740001,65.70,1642.71
285,,,,,,,,,,,459.105737,2244,742245,65.66,1696.22
286,,,,,,,,,,,473.306902,2140,744385,65.80,1711.54
287,,,,,,,,,,,436.185328,2376,746761,65.78,1713.39
288,,,,,,,,,,,421.802905,2067,748828,65.95,1732.92
289,,,,,,,,,,,542.861900,1926,750754,66.19,1748.76
290,,,,,,,,,,,461.025496,2423,753177,66.44,1754.90
291,,,,,,,,,,,303.391043,3240,756417,66.70,1756.81
292,,,,,,,,,,,285.523639,1872,758289,66.70,1778.50
293,,,,,,,,,,,541.663400,2739,761028,66.87,1795.23
294,,,,,,,,,,,536.768730,1362,762390,66.98,1854.38
295,,,,,,,,,,,717.922369,1190,763580,66.89,1913.51
296,,,,,,,,,,,978.193948,812,764392,66.95,1933.07
297,,,,,,,,,,,1358.151395,841,765233,67.02,1947.40
298,,,,,,,,,,,1614.763418,413,765646,66.90,1956.84
299,,,,,,,,,,,1715.836390,631,766277,66.95,1963.21
300,,,,,,,,,,,1985.801600,368,766645,67.01,1970.78
301,,,,,,,,,,,2015.777827,636,767281,66.89,1970.78
302,,,,,,,,,,,1948.494177,370,767651,66.94,1975.47
303,,,,,,,,,,,1972.829223,616,768267,67.00,1975.83
304,,,,,,,,,,,1995.119297,445,768712,66.95,1975.83
305,,,,,,,,,,,1985.584183,575,769287,66.93,1975.83
306,,,,,,,,,,,1912.408293,425,769712,67.00,1975.83
307,,,,,,,,,,,1929.056899,579,770291,67.02,1976.54
308,,,,,,,,,,,2037.365528,364,770655,66.93,1981.77
309,,,,,,,,,,,2073.114950,635,771290,66.82,1985.68
310,,,,,,,,,,,1926.203326,377,771667,67.04,1988.40
311,,,,,,,,,,,2090.482586,603,772270,66.93,1992.39
312,,,,,,,,,,,1952.114721,446,772716,66.82,1995.83
313,,,,,,,,,,,1957.433568,528,773244,67.24,1996.10
314,,,,,,,,,,,2121.345143,427,773671,67.13,1996.43
315,,,,,,,,,,,1961.651562,591,774262,67.01,1996.43
316,,,,,,,,,,,1912.874554,410,774672,67.16,1996.88
317,,,,,,,,,,,2064.498155,587,775259,67.13,1999.64
318,,,,,,,,,,,2077.790927,412,775671,67.01,1999.64
319,,,,,,,,,,,1940.551436,587,776258,67.06,1999.65
320,,,,,,,,,,,2072.137051,401,776659,67.13,1999.65
321,,,,,,,,,,,2056.616247,605,777264,67.01,1999.84
322,,,,,,,,,,,1879.683489,413,777677,66.89,2000.20
323,,,,,,,,,,,1963.384134,571,778248,67.13,2000.20
324,,,,,,,,,,,2082.701226,425,778673,67.01,2000.20
325,,,,,,,,,,,2014.103719,593,779266,66.97,2000.66
326,,,,,,,,,,,1985.029540,392,779658,67.27,2000.66
327,,,,,,,,,,,2121.805429,589,780247,67.23,2013.02
328,,,,,,,,,,,2039.385600,424,780671,67.19,2040.11
329,,,,,,,,,,,2057.833865,580,781251,67.55,2047.23
330,,,,,,,,,,,2212.911734,412,781663,67.61,2075.41
331,,,,,,,,,,,1931.300051,594,782257,67.51,2131.43
332,,,,,,,,,,,1235.858879,983,783240,67.59,2186.17
333,,,,,,,,,,,1266.661664,787,784027,67.83,2191.71
334,,,,,,,,,,,1013.531299,1031,785058,67.74,2191.89
335,,,,,,,,,,,920.122655,1037,786095,67.82,2191.98
336,,,,,,,,,,,954.241643,991,787086,68.08,2203.50
337,,,,,,,,,,,834.226031,1514,788600,68.02,2203.50
338,,,,,,,,,,,723.452983,1412,790012,68.10,2203.50
339,,,,,,,,,,,891.010678,995,791007,68.36,2203.50
340,,,,,,,,,,,850.481921,1209,792216,68.28,2203.50
341,,,,,,,,,,,723.701157,1383,793599,68.38,2203.50
342,,,,,,,,,,,732.051193,1492,795091,68.56,2203.50
343,,,,,,,,,,,693.434229,1332,796423,68.59,2203.50
344,,,,,,,,,,,604.916433,1710,798133,68.67,2203.50
345,,,,,,,,,,,628.959750,1976,800109,68.79,2203.50
346,,,,,,,,,,,529.736527,1711,801820,68.91,2203.50
347,,,,,,,,,,,427.581559,2367,804187,69.02,2203.50
348,,,,,,,,,,,455.368041,2477,806664,69.17,2203.50
349,,,,,,,,,,,357.857833,2452,809116,69.32,2203.59
350,,,,,,,,,,,362.578156,2622,811738,69.46,2203.59
351,,,,,,,,,,,404.693186,2694,814432,69.62,2203.68
352,,,,,,,,,,,319.547704,3048,817480,69.77,2203.68
353,,,,,,,,,,,303.510379,3339,820819,69.92,2203.68
354,,,,,,,,,,,312.301603,3177,823996,70.09,2203.68
355,,,,,,,,,,,302.553978,3328,827324,70.25,2203.68
356,,,,,,,,,,,381.365033,1851,829175,70.36,2203.68
357,,,,,,,,,,,380.729406,3470,832645,70.49,2203.68
358,,,,,,,,,,,314.941890,3159,835804,70.54,2203.76
359,,,,,,,,,,,275.418686,3089,838893,70.88,2203.76
360,,,,,,,,,,,358.706002,2906,841799,71.01,2203.76
361,,,,,,,,,,,301.067646,3609,845408,71.05,2203.76
362,,,,,,,,,,,256.687347,3568,848976,71.35,2203.85
363,,,,,,,,,,,398.111355,2593,851569,71.46,2203.85
364,,,,,,,,,,,316.883163,3238,854807,71.56,2203.85
365,,,,,,,,,,,249.445092,4251,859058,71.71,2203.85
366,,,,,,,,,,,331.974798,3003,862061,71.90,2203.85
367,,,,,,,,,,,304.326414,3313,865374,72.08,2203.85
368,,,,,,,,,,,247.709714,3868,869242,72.09,2203.85
369,,,,,,,,,,,243.239920,4260,873502,72.35,2203.85
370,,,,,,,,,,,424.989258,2391,875893,72.60,2203.93
371,,,,,,,,,,,243.295672,4032,879925,72.61,2203.93
372,,,,,,,,,,,243.888609,4034,883959,72.80,2205.06
373,,,,,,,,,,,248.437770,3133,887092,73.13,2205.06
374,,,,,,,,,,,309.402622,3902,890994,73.15,2205.06
375,,,,,,,,,,,249.858629,4096,895090,73.16,2205.06
376,,,,,,,,,,,243.448743,4160,899250,73.38,2205.06
377,,,,,,,,,,,367.124925,2362,901612,73.70,2205.06
378,,,,,,,,,,,257.690477,4155,905767,73.72,2205.06
379,,,,,,,,,,,255.691140,4096,909863,73.87,2205.06
380,,,,,,,,,,,406.470644,1940,911803,74.03,2205.06
381,,,,,,,,,,,319.489971,3456,915259,74.20,2205.06
382,,,,,,,,,,,303.848331,3728,918987,74.23,2205.06
383,,,,,,,,,,,248.056624,3712,922699,74.43,2205.06
384,,,,,,,,,,,310.391466,2336,925035,74.64,2205.06
385,,,,,,,,,,,341.264788,3815,928850,74.66,2205.06
386,,,,,,,,,,,261.890778,3828,932678,74.86,2205.18
387,,,,,,,,,,,263.984943,3893,936571,75.04,2205.18
388,,,,,,,,,,,357.673657,2320,938891,75.23,2205.18
389,,,,,,,,,,,330.805861,3436,942327,75.28,2205.18
390,,,,,,,,,,,246.938017,4097,946424,75.43,2205.26
391,,,,,,,,,,,254.712574,4029,950453,75.59,2205.26
392,,,,,,,,,,,335.030517,2893,953346,75.82,2205.26
393,,,,,,,,,,,347.750144,2942,956288,75.89,2205.26
394,,,,,,,,,,,276.886874,3108,959396,75.91,2205.26
395,,,,,,,,,,,259.122486,4444,963840,76.04,2205.35
396,,,,,,,,,,,264.178721,3592,967432,76.29,2205.43
397,,,,,,,,,,,514.768883,2086,969518,76.51,2205.43
398,,,,,,,,,,,272.150493,3526,973044,76.52,2205.43
399,,,,,,,,,,,271.955029,3642,976686,76.52,2205.43
400,,,,,,,,,,,261.909139,3889,980575,76.54,2205.43
401,,,,,,,,,,,273.651769,3596,984171,76.92,2205.43
402,,,,,,,,,,,510.254947,1963,986134,77.11,2205.43
403,,,,,,,,,,,270.879040,3648,989782,77.13,2205.43
404,,,,,,,,,,,253.925457,4082,993864,77.14,2205.43
405,,,,,,,,,,,272.961013,3533,997397,77.16,2205.43
406,,,,,,,,,,,259.178057,3862,1001259,77.37,2205.43
407,,,,,,,,,,,373.801086,2211,1003470,77.73,2205.43
408,,,,,,,,,,,294.777208,4039,1007509,77.74,2205.43
409,,,,,,,,,,,274.214890,3648,1011157,77.75,2205.43
410,,,,,,,,,,,255.188659,3967,1015124,77.77,2205.43
411,,,,,,,,,,,251.398077,3968,1019092,77.85,2205.43
412,,,,,,,,,,,414.044042,2283,1021375,78.16,2205.87
413,,,,,,,,,,,294.303753,3170,1024545,78.32,2205.99
414,,,,,,,,,,,322.296056,3447,1027992,78.35,2205.99
415,,,,,,,,,,,250.240614,3968,1031960,78.36,2205.99
416,,,,,,,,,,,270.638038,3621,1035581,78.37,2205.99
417,,,,,,,,,,,262.811922,3282,1038863,78.55,2206.13
418,,,,,,,,,,,400.248996,2691,1041554,78.76,2206.29
419,,,,,,,,,,,260.874587,4102,1045656,78.77,2206.29
420,,,,,,,,,,,298.059354,3021,1048677,78.93,2206.55
421,,,,,,,,,,,342.883862,3222,1051899,78.92,2206.55
422,,,,,,,,,,,267.765215,3657,1055556,78.94,2206.55
423,,,,,,,,,,,254.547832,2580,1058136,79.15,2206.55
424,,,,,,,,,,,319.535131,4060,1062196,79.37,2206.79
425,,,,,,,,,,,246.421613,4234,1066430,79.39,2206.79
426,,,,,,,,,,,261.297828,4032,1070462,79.39,2206.87
427,,,,,,,,,,,275.168711,2831,1073293,79.56,2207.20
428,,,,,,,,,,,319.595712,3675,1076968,79.57,2207.20
429,,,,,,,,,,,289.705676,2440,1079408,79.78,2207.36
430,,,,,,,,,,,328.402833,4018,1083426,79.82,2207.45
431,,,,,,,,,,,268.085242,3312,1086738,80.01,2207.53
432,,,,,,,,,,,242.230494,4615,1091353,80.02,2207.53
433,,,,,,,,,,,262.058168,3784,1095137,80.03,2207.53
434,,,,,,,,,,,254.952499,3712,1098849,80.04,2207.77
435,,,,,,,,,,,264.432010,3758,1102607,80.38,2208.02
436,,,,,,,,,,,411.419177,2612,1105219,80.46,2208.02
437,,,,,,,,,,,248.238977,4035,1109254,80.47,2208.19
438,,,,,,,,,,,262.743968,3477,1112731,80.69,2208.19
439,,,,,,,,,,,252.238397,4338,1117069,80.70,2208.19
440,,,,,,,,,,,238.073642,4158,1121227,80.71,2208.19
441,,,,,,,,,,,255.161524,3842,1125069,80.72,2208.37
442,,,,,,,,,,,254.923531,3968,1129037,80.89,2208.53
443,,,,,,,,,,,395.075822,2496,1131533,80.93,2208.71
444,,,,,,,,,,,259.669531,3904,1135437,81.02,2209.06
445,,,,,,,,,,,261.245226,3861,1139298,81.14,2209.62
446,,,,,,,,,,,236.791198,3638,1142936,81.36,2209.79
447,,,,,,,,,,,247.394377,4596,1147532,81.38,2209.79
448,,,,,,,,,,,247.862549,4032,1151564,81.39,2209.79
449,,,,,,,,,,,230.362643,4288,1155852,81.44,2210.05
450,,,,,,,,,,,362.207552,2496,1158348,81.63,2210.05
451,,,,,,,,,,,251.715840,4389,1162737,81.64,2210.05
452,,,,,,,,,,,229.771115,4314,1167051,81.66,2210.05
453,,,,,,,,,,,221.752653,4544,1171595,81.70,2210.83
454,,,,,,,,,,,227.065271,4288,1175883,81.88,2231.76
455,,,,,,,,,,,259.508841,3107,1178990,82.12,2238.52
456,,,,,,,,,,,293.381596,4151,1183141,82.15,2239.42
457,,,,,,,,,,,211.882321,4782,1187923,82.26,2244.83
458,,,,,,,,,,,357.210615,2807,1190730,82.43,2246.35
459,,,,,,,,,,,194.857530,5055,1195785,82.46,2247.58
460,,,,,,,,,,,202.715600,5071,1200856,82.51,2247.77
461,,,,,,,,,,,189.753931,5105,1205961,82.55,2249.31
462,,,,,,,,,,,202.253226,4992,1210953,82.59,2251.11
463,,,,,,,,,,,212.291370,4864,1215817,82.70,2267.11
464,,,,,,,,,,,263.278538,3225,1219042,82.81,2272.03
465,,,,,,,,,,,351.238972,2903,1221945,82.75,2276.96
466,,,,,,,,,,,494.749164,1747,1223692,82.67,2290.32
467,,,,,,,,,,,623.967752,1649,1225341,82.80,2312.88
468,,,,,,,,,,,660.738116,1060,1226401,83.02,2315.51
469,,,,,,,,,,,363.715813,4127,1230528,83.06,2316.93
470,,,,,,,,,,,238.630338,4224,1234752,83.06,2318.48
471,,,,,,,,,,,222.811692,4108,1238860,83.08,2148.02
472,,,,,,,,,,,243.892738,4375,1243235,83.09,2150.99
473,,,,,,,,,,,224.021177,4483,1247718,83.11,2155.25
474,,,,,,,,,,,226.884354,4459,1252177,83.13,2157.42
475,,,,,,,,,,,232.514484,4315,1256492,83.15,2162.10
476,,,,,,,,,,,217.346004,4563,1261055,83.18,2006.11
477,,,,,,,,,,,218.228484,4544,1265599,83.40,2035.48
478,,,,,,,,,,,259.572375,2648,1268247,83.65,2045.01
479,,,,,,,,,,,347.350977,3757,1272004,83.78,2065.10
480,,,,,,,,,,,235.160932,4352,1276356,83.91,2067.87
481,,,,,,,,,,,243.232278,4006,1280362,83.98,2068.84
482,,,,,,,,,,,225.337212,4506,1284868,84.11,2073.22
483,,,,,,,,,,,227.973144,4416,1289284,84.23,1905.03
484,,,,,,,,,,,239.574050,4160,1293444,84.37,1922.58
485,,,,,,,,,,,224.187577,4439,1297883,84.53,1986.45
486,,,,,,,,,,,255.056484,1859,1299742,84.81,2021.83
487,,,,,,,,,,,375.223697,3875,1303617,85.17,2023.93
488,,,,,,,,,,,227.027346,4711,1308328,85.31,2025.48
489,,,,,,,,,,,234.287144,4096,1312424,85.52,2054.50
490,,,,,,,,,,,266.289177,2644,1315068,85.76,2242.84
491,,,,,,,,,,,489.731042,2494,1317562,85.79,2485.10
492,,,,,,,,,,,675.893494,1632,1319194,86.03,2583.42
493,,,,,,,,,,,352.367461,1881,1321075,86.39,2589.24
494,,,,,,,,,,,417.157907,3207,1324282,86.45,2638.94
495,,,,,,,,,,,288.778726,3456,1327738,86.51,2741.93
496,,,,,,,,,,,288.574634,3392,1331130,86.63,2884.10
497,,,,,,,,,,,311.307209,3456,1334586,87.06,2941.08
498,,,,,,,,,,,629.777052,904,1335490,87.34,2978.12
499,,,,,,,,,,,525.196079,2581,1338071,87.38,3139.45
500,,,,,,,,,,,328.221282,2887,1340958,87.36,3213.06
501,,,,,,,,,,,361.490556,2000,1342958,87.54,3293.59
502,,,,,,,,,,,665.477843,1888,1344846,87.73,3384.15
503,,,,,,,,,,,538.930241,1933,1346779,88.03,3387.91
504,,,,,,,,,,,252.291376,4172,1350951,88.04,3388.10
505,,,,,,,,,,,262.057091,3381,1354332,88.23,3388.44
506,,,,,,,,,,,684.449966,1268,1355600,88.19,3388.53
507,,,,,,,,,,,566.635814,1283,1356883,88.66,3388.97
508,,,,,,,,,,,424.021024,3615,1360498,88.67,3388.97
509,,,,,,,,,,,261.023093,3814,1364312,88.79,3396.10
510,,,,,,,,,,,399.836111,2368,1366680,88.82,3398.35
511,,,,,,,,,,,431.234916,2227,1368907,89.19,3398.35
512,,,,,,,,,,,682.142473,1662,1370569,89.30,3398.35
513,,,,,,,,,,,250.000469,3552,1374121,89.24,3398.70
514,,,,,,,,,,,559.669548,1855,1375976,89.22,3398.70
515,,,,,,,,,,,302.515427,3203,1379179,89.57,3398.87
516,,,,,,,,,,,402.127367,1526,1380705,89.62,3398.87
517,,,,,,,,,,,999.459326,1186,1381891,89.60,3398.87
518,,,,,,,,,,,774.917229,1058,1382949,89.76,3398.87
519,,,,,,,,,,,464.079426,3060,1386009,89.75,3398.87
520,,,,,,,,,,,266.203734,3711,1389720,89.88,3398.87
521,,,,,,,,,,,285.084041,3510,1393230,90.21,3399.14
522,,,,,,,,,,,621.285180,1281,1394511,90.15,3399.14
523,,,,,,,,,,,488.183463,1896,1396407,90.37,3399.14
524,,,,,,,,,,,448.364452,2956,1399363,90.36,3399.14
525,,,,,,,,,,,267.025868,3696,1403059,90.47,3399.14
526,,,,,,,,,,,345.015454,1942,1405001,90.69,3399.14
527,,,,,,,,,,,476.201352,2431,1407432,90.80,3399.14
528,,,,,,,,,,,305.325076,3800,1411232,91.01,3399.14
529,,,,,,,,,,,506.181638,1968,1413200,91.03,3399.14
530,,,,,,,,,,,264.821946,3840,1417040,91.10,3399.14
531,,,,,,,,,,,307.733681,2444,1419484,91.47,3399.14
532,,,,,,,,,,,554.324278,2122,1421606,91.42,3399.14
533,,,,,,,,,,,396.240517,2466,1424072,91.45,3399.14
534,,,,,,,,,,,428.882259,1349,1425421,91.62,3399.14
535,,,,,,,,,,,412.453999,3570,1428991,91.62,3399.40
536,,,,,,,,,,,265.602021,3152,1432143,92.05,3401.41
537,,,,,,,,,,,664.786284,1601,1433744,91.99,3401.41
538,,,,,,,,,,,502.958002,1990,1435734,91.93,3401.41
539,,,,,,,,,,,497.640051,2064,1437798,92.06,3407.57
540,,,,,,,,,,,736.708605,1540,1439338,92.12,3409.95
541,,,,,,,,,,,249.405754,3814,1443152,92.54,3424.26
542,,,,,,,,,,,521.648756,1676,1444828,92.50,3424.26
543,,,,,,,,,,,477.360933,2048,1446876,92.44,3424.26
544,,,,,,,,,,,494.870641,2003,1448879,92.37,3424.26
545,,,,,,,,,,,508.652185,2002,1450881,92.56,3430.15
546,,,,,,,,,,,613.415864,1881,1452762,92.86,3438.42
547,,,,,,,,,,,300.613813,2709,1455471,93.01,3441.31
548,,,,,,,,,,,582.919999,1963,1457434,92.94,3441.31
549,,,,,,,,,,,530.516008,1682,1459116,92.87,3441.31
550,,,,,,,,,,,555.990658,1722,1460838,92.81,3441.31
551,,,,,,,,,,,550.922449,1872,1462710,93.14,3454.16
552,,,,,,,,,,,554.372617,1601,1464311,93.42,3457.68
553,,,,,,,,,,,519.765818,2227,1466538,93.43,3458.56
554,,,,,,,,,,,483.290301,2242,1468780,93.39,3458.56
555,,,,,,,,,,,386.941904,2593,1471373,93.36,3458.56
556,,,,,,,,,,,348.348506,2789,1474162,93.38,3458.56
557,,,,,,,,,,,368.425611,2676,1476838,93.75,3458.56
558,,,,,,,,,,,722.036437,1431,1478269,93.98,3458.56
559,,,,,,,,,,,416.428505,2324,1480593,93.97,3458.56
560,,,,,,,,,,,306.098118,3425,1484018,93.95,3458.56
561,,,,,,,,,,,303.563138,3293,1487311,93.93,3458.56
562,,,,,,,,,,,275.154477,3626,1490937,94.10,3458.56
563,,,,,,,,,,,615.100889,1245,1492182,94.26,3458.56
564,,,,,,,,,,,725.808664,1408,1493590,94.54,3458.56
565,,,,,,,,,,,319.926662,3847,1497437,94.54,3458.56
566,,,,,,,,,,,256.993983,3964,1501401,94.54,3458.56
567,,,,,,,,,,,254.813156,3776,1505177,94.76,3458.56
568,,,,,,,,,,,382.265065,2421,1507598,94.73,3458.56
569,,,,,,,,,,,391.854827,2645,1510243,94.98,3458.56
570,,,,,,,,,,,412.051442,926,1511169,95.17,3458.56
571,,,,,,,,,,,466.331841,3623,1514792,95.16,3458.56
572,,,,,,,,,,,249.687885,3776,1518568,95.16,3458.56
573,,,,,,,,,,,259.492752,4125,1522693,95.42,3458.64
574,,,,,,,,,,,262.303195,3747,1526440,95.42,3458.64
575,,,,,,,,,,,256.578821,3840,1530280,95.59,3458.64
576,,,,,,,,,,,578.672661,1624,1531904,95.82,3458.64
577,,,,,,,,,,,637.605809,1704,1533608,95.83,3458.64
578,,,,,,,,,,,261.308981,3776,1537384,95.82,3458.64
579,,,,,,,,,,,256.756959,3775,1541159,96.07,3461.45
580,,,,,,,,,,,276.932599,3776,1544935,96.09,3461.45
581,,,,,,,,,,,250.013904,3968,1548903,96.12,3461.45
582,,,,,,,,,,,251.911024,2943,1551846,96.24,3461.45
583,,,,,,,,,,,726.740665,1257,1553103,96.45,3461.45
584,,,,,,,,,,,628.282413,2111,1555214,96.44,3461.45
585,,,,,,,,,,,273.911038,3693,1558907,96.56,3461.45
586,,,,,,,,,,,252.335761,3652,1562559,96.70,3461.45
587,,,,,,,,,,,257.880345,4203,1566762,96.69,3461.45
588,,,,,,,,,,,257.954987,3836,1570598,96.74,3461.45
589,,,,,,,,,,,258.260757,2860,1573458,96.82,3461.45
590,,,,,,,,,,,609.965555,1995,1575453,96.99,3461.45
591,,,,,,,,,,,961.245224,1110,1576563,97.01,3461.45
592,,,,,,,,,,,258.853682,3639,1580202,97.23,3461.45
593,,,,,,,,,,,244.108991,3747,1583949,97.25,3461.45
594,,,,,,,,,,,267.387722,3869,1587818,97.24,3461.45
595,,,,,,,,,,,272.957986,3968,1591786,97.23,3461.45
596,,,,,,,,,,,257.908611,3791,1595577,97.39,3461.45
597,,,,,,,,,,,528.740104,1817,1597394,97.36,3461.45
598,,,,,,,,,,,336.053468,3001,1600395,97.56,3461.45
599,,,,,,,,,,,621.732279,1705,1602100,97.74,3461.45
600,,,,,,,,,,,267.778080,3325,1605425,97.84,3461.45
601,,,,,,,,,,,257.247150,4275,1609700,97.82,3461.45
602,,,,,,,,,,,270.112223,3728,1613428,97.82,3461.45
603,,,,,,,,,,,256.473068,3775,1617203,97.83,3461.45
604,,,,,,,,,,,255.441347,3563,1620766,97.97,3461.45
605,,,,,,,,,,,719.493949,1263,1622029,97.90,3461.45
606,,,,,,,,,,,539.410406,1925,1623954,97.97,3461.45
607,,,,,,,,,,,555.220200,1096,1625050,98.35,3461.45
608,,,,,,,,,,,519.139388,3007,1628057,98.34,3461.45
609,,,,,,,,,,,252.136877,3991,1632048,98.34,3461.45
610,,,,,,,,,,,245.357702,4030,1636078,98.33,3461.45
611,,,,,,,,,,,260.092940,3904,1639982,98.32,3461.45
612,,,,,,,,,,,247.724520,3904,1643886,98.50,3461.45
613,,,,,,,,,,,444.191975,2230,1646116,98.46,3461.45
614,,,,,,,,,,,431.227957,2046,1648162,98.56,3461.54
615,,,,,,,,,,,436.573850,1977,1650139,98.65,3461.54
616,,,,,,,,,,,720.534095,1283,1651422,98.82,3461.54
617,,,,,,,,,,,636.507226,2157,1653579,98.82,3461.54
618,,,,,,,,,,,249.862307,3921,1657500,98.81,3461.54
619,,,,,,,,,,,272.755700,3660,1661160,98.80,3461.54
620,,,,,,,,,,,252.516377,4032,1665192,98.78,3461.54
621,,,,,,,,,,,259.732772,3840,1669032,98.95,3461.54
622,,,,,,,,,,,242.419192,3627,1672659,99.15,3461.54
623,,,,,,,,,,,274.369944,3350,1676009,99.15,3461.54
624,,,,,,,,,,,697.680391,1405,1677414,99.06,3461.54
625,,,,,,,,,,,578.479620,1775,1679189,99.08,3461.54
626,,,,,,,,,,,596.444719,1267,1680456,99.22,3461.54
627,,,,,,,,,,,598.367264,2408,1682864,99.20,3461.54
628,,,,,,,,,,,267.875813,3720,1686584,99.19,3461.54
629,,,,,,,,,,,253.629901,3895,1690479,99.17,3461.54
630,,,,,,,,,,,255.636175,4069,1694548,99.15,3461.54
631,,,,,,,,,,,256.391642,3761,1698309,99.44,3461.54
632,,,,,,,,,,,272.625825,3768,1702077,99.50,3461.54
633,,,,,,,,,,,673.994047,1145,1703222,99.43,3461.54
634,,,,,,,,,,,560.005912,1988,1705210,99.36,3461.54
635,,,,,,,,,,,568.878737,1736,1706946,99.27,3461.54
636,,,,,,,,,,,604.596367,1417,1708363,99.22,3461.54
637,,,,,,,,,,,603.340121,1859,1710222,99.42,3461.54
638,,,,,,,,,,,653.301975,717,1710939,99.46,3461.63
639,,,,,,,,,,,375.920135,4412,1715351,99.50,3462.06
640,,,,,,,,,,,248.344751,4096,1719447,99.76,3462.15
641,,,,,,,,,,,245.573365,4032,1723479,99.92,3462.15
642,,,,,,,,,,,260.292978,3771,1727250,100.06,3462.15
643,,,,,,,,,,,662.456088,1370,1728620,100.04,3462.23
644,,,,,,,,,,,569.797393,1656,1730276,100.00,3462.23
645,,,,,,,,,,,607.019541,1483,1731759,99.96,3462.48
646,,,,,,,,,,,707.384309,1391,1733150,99.92,3463.01
647,,,,,,,,,,,777.280526,1470,1734620,99.99,3465.87
648,,,,,,,,,,,924.760035,692,1735312,100.05,3465.87
649,,,,,,,,,,,1067.715182,1120,1736432,99.95,3465.87
650,,,,,,,,,,,976.551662,1000,1737432,99.86,3528.80
651,,,,,,,,,,,1075.900387,822,1738254,99.76,3599.14
652,,,,,,,,,,,1149.092531,824,1739078,99.91,3669.49
653,,,,,,,,,,,1402.301737,759,1739837,99.88,3730.49
654,,,,,,,,,,,899.294626,1243,1741080,100.01,3733.28
655,,,,,,,,,,,798.687968,1363,1742443,100.15,3735.46
656,,,,,,,,,,,846.490927,644,1743087,100.05,3735.46
657,,,,,,,,,,,1253.427180,975,1744062,99.96,3735.64
658,,,,,,,,,,,1138.516389,875,1744937,99.86,3735.81
659,,,,,,,,,,,1241.691527,764,1745701,99.95,3735.99
660,,,,,,,,,,,1361.752425,556,1746257,99.92,3735.99
661,,,,,,,,,,,1449.046243,783,1747040,99.81,3735.99
662,,,,,,,,,,,1607.900923,652,1747692,99.71,3735.99
663,,,,,,,,,,,1735.780504,389,1748081,99.60,3735.99
664,,,,,,,,,,,1866.101395,618,1748699,99.51,3735.99
665,,,,,,,,,,,1917.008202,399,1749098,99.64,3735.99
666,,,,,,,,,,,1962.858701,603,1749701,99.54,3735.99
667,,,,,,,,,,,1985.392688,398,1750099,99.43,3735.99
668,,,,,,,,,,,1978.193998,625,1750724,99.32,3735.99
669,,,,,,,,,,,1897.264917,469,1751193,99.21,3748.98
670,,,,,,,,,,,1949.759455,534,1751727,99.21,3767.17
671,,,,,,,,,,,1950.656160,471,1752198,99.25,3771.30
672,,,,,,,,,,,2195.347242,457,1752655,99.39,3771.57
673,,,,,,,,,,,2422.429150,423,1753078,99.28,3780.27
674,,,,,,,,,,,2087.673153,581,1753659,99.22,3790.76
675,,,,,,,,,,,1956.738578,427,1754086,99.32,3791.73
676,,,,,,,,,,,2068.788444,612,1754698,99.22,3791.91
677,,,,,,,,,,,1961.480040,392,1755090,99.22,3791.91
678,,,,,,,,,,,1438.246619,682,1755772,99.27,3791.91
679,,,,,,,,,,,1633.706050,888,1756660,99.16,3791.91
680,,,,,,,,,,,1713.385409,188,1756848,99.07,3791.91
681,,,,,,,,,,,1827.321273,852,1757700,98.96,3791.91
682,,,,,,,,,,,1960.418981,149,1757849,98.86,3791.91
683,,,,,,,,,,,2000.952517,852,1758701,98.87,3791.91
684,,,,,,,,,,,1973.166081,147,1758848,98.90,3791.91
685,,,,,,,,,,,2037.388098,854,1759702,98.79,3792.00
686,,,,,,,,,,,2016.204911,142,1759844,98.70,3792.00
687,,,,,,,,,,,2029.398764,861,1760705,98.73,3792.00
688,,,,,,,,,,,1954.198698,143,1760848,98.73,3792.00
689,,,,,,,,,,,1981.815270,864,1761712,98.80,3796.03
690,,,,,,,,,,,1952.628804,103,1761815,98.78,3801.22
691,,,,,,,,,,,2162.567567,896,1762711,98.66,3801.22
692,,,,,,,,,,,1980.704008,128,1762839,98.57,3801.31
693,,,,,,,,,,,1755.490960,892,1763731,98.47,3801.31
694,,,,,,,,,,,1897.261867,114,1763845,98.37,3801.31
695,,,,,,,,,,,1957.064691,891,1764736,98.50,3801.31
696,,,,,,,,,,,1968.579778,111,1764847,98.41,3801.31
697,,,,,,,,,,,1983.215324,891,1765738,98.31,3801.31
698,,,,,,,,,,,1943.904261,113,1765851,98.21,3801.31
699,,,,,,,,,,,1962.996005,892,1766743,98.11,3801.31
700,,,,,,,,,,,1941.932191,125,1766868,98.01,3801.31
701,,,,,,,,,,,1945.191501,881,1767749,98.36,3802.35
702,,,,,,,,,,,1986.412179,108,1767857,98.28,3802.35
703,,,,,,,,,,,1987.879334,894,1768751,98.19,3802.52
704,,,,,,,,,,,1665.517938,585,1769336,98.09,3802.52
705,,,,,,,,,,,1676.557488,437,1769773,98.23,3802.52
706,,,,,,,,,,,1959.538925,565,1770338,98.21,3802.52
707,,,,,,,,,,,2062.715547,443,1770781,98.34,3802.52
708,,,,,,,,,,,2141.162247,74,1770855,98.27,3802.61
709,,,,,,,,,,,2225.279472,931,1771786,98.24,3802.70
710,,,,,,,,,,,1721.943187,584,1772370,98.21,3802.78
711,,,,,,,,,,,1750.441295,428,1772798,98.20,3803.19
712,,,,,,,,,,,1925.500373,828,1773626,98.32,3803.63
713,,,,,,,,,,,1921.877395,178,1773804,98.41,3804.51
714,,,,,,,,,,,1972.554439,825,1774629,98.59,3805.04
715,,,,,,,,,,,1983.046509,159,1774788,98.61,3805.56
716,,,,,,,,,,,2004.679529,948,1775736,98.59,3806.81
717,,,,,,,,,,,1668.418128,105,1775841,98.72,3807.16
718,,,,,,,,,,,1510.955228,931,1776772,98.89,3807.16
719,,,,,,,,,,,1645.273175,112,1776884,98.90,3852.92
720,,,,,,,,,,,2271.672109,915,1777799,98.90,3915.91
721,,,,,,,,,,,1723.601066,140,1777939,99.00,3931.25
722,,,,,,,,,,,1783.019925,177,1778116,98.91,3936.00
723,,,,,,,,,,,2174.135052,833,1778949,98.83,4003.97
724,,,,,,,,,,,1490.364626,952,1779901,98.97,4054.88
725,,,,,,,,,,,1238.199125,945,1780846,98.98,4101.70
726,,,,,,,,,,,1636.522542,182,1781028,99.31,4106.70
727,,,,,,,,,,,2063.943164,599,1781627,99.30,4107.14
728,,,,,,,,,,,889.572283,1853,1783480,99.26,4107.14
729,,,,,,,,,,,405.173709,2689,1786169,99.31,4107.14
730,,,,,,,,,,,344.477594,3083,1789252,99.41,4107.23
731,,,,,,,,,,,313.982789,1312,1790564,99.45,4107.23
732,,,,,,,,,,,807.339884,1834,1792398,99.82,4107.23
733,,,,,,,,,,,1047.108834,708,1793106,99.82,4107.23
734,,,,,,,,,,,340.608628,3829,1796935,99.81,4107.23
735,,,,,,,,,,,265.547072,3904,1800839,99.83,4107.23
736,,,,,,,,,,,266.094471,3711,1804550,99.98,4107.23
737,,,,,,,,,,,294.395320,1661,1806211,100.22,4107.23
738,,,,,,,,,,,762.407860,1699,1807910,100.38,4107.23
739,,,,,,,,,,,1009.540702,1250,1809160,100.36,4107.23
740,,,,,,,,,,,256.351769,3840,1813000,100.36,4107.32
741,,,,,,,,,,,255.697493,3840,1816840,100.34,4107.32
742,,,,,,,,,,,258.848304,3776,1820616,100.24,4107.32
743,,,,,,,,,,,253.014514,1152,1821768,100.34,4107.32
744,,,,,,,,,,,1140.372855,850,1822618,100.52,4107.32
745,,,,,,,,,,,1043.404716,1710,1824328,100.75,4107.32
746,,,,,,,,,,,572.767307,936,1825264,100.79,4107.32
747,,,,,,,,,,,655.331491,2104,1827368,100.78,4107.32
748,,,,,,,,,,,269.034451,3904,1831272,100.77,4107.32
749,,,,,,,,,,,263.536975,3712,1834984,100.80,4107.69
750,,,,,,,,,,,254.049688,4032,1839016,101.16,4107.69
751,,,,,,,,,,,260.058874,3565,1842581,101.32,4107.69
752,,,,,,,,,,,686.293686,792,1843373,101.40,4107.69
753,,,,,,,,,,,772.898693,1985,1845358,101.39,4107.69
754,,,,,,,,,,,248.284692,3870,1849228,101.38,4107.69
755,,,,,,,,,,,266.428878,3840,1853068,101.38,4107.69
756,,,,,,,,,,,258.366953,4002,1857070,101.71,4107.69
757,,,,,,,,,,,257.634561,3839,1860909,101.87,4107.69
758,,,,,,,,,,,719.788004,1280,1862189,101.97,4107.69
759,,,,,,,,,,,940.391937,1161,1863350,101.97,4107.69
760,,,,,,,,,,,261.986191,3804,1867154,101.96,4107.77
761,,,,,,,,,,,252.769627,3844,1870998,101.96,4107.85
762,,,,,,,,,,,256.572339,3968,1874966,102.09,4107.85
763,,,,,,,,,,,248.782809,4031,1878997,102.40,4107.85
764,,,,,,,,,,,266.464943,2791,1881788,102.59,4107.85
765,,,,,,,,,,,796.746230,462,1882250,102.58,4107.85
766,,,,,,,,,,,561.627113,3356,1885606,102.58,4107.85
767,,,,,,,,,,,270.225310,3494,1889100,102.56,4107.85
768,,,,,,,,,,,268.163331,3967,1893067,102.55,4107.85
769,,,,,,,,,,,260.046706,3904,1896971,102.78,4107.85
770,,,,,,,,,,,265.516468,3609,1900580,103.08,4107.85
771,,,,,,,,,,,262.584445,3505,1904085,103.22,4107.85
772,,,,,,,,,,,1138.118667,720,1904805,103.20,4107.85
773,,,,,,,,,,,328.079610,3977,1908782,103.18,4107.85
774,,,,,,,,,,,262.742658,3717,1912499,103.17,4107.85
775,,,,,,,,,,,282.780407,3502,1916001,103.21,4107.85
776,,,,,,,,,,,259.588261,3864,1919865,103.41,4107.85
777,,,,,,,,,,,258.008483,3669,1923534,103.52,4107.85
778,,,,,,,,,,,257.986751,3986,1927520,103.81,4107.85
779,,,,,,,,,,,934.528460,685,1928205,103.82,4107.85
780,,,,,,,,,,,371.356303,3792,1931997,103.81,4107.85
781,,,,,,,,,,,265.118780,3733,1935730,103.79,4107.85
782,,,,,,,,,,,260.898664,3776,1939506,103.84,4107.85
783,,,,,,,,,,,262.223561,3833,1943339,103.98,4107.85
784,,,,,,,,,,,259.113089,2693,1946032,103.93,4107.85
785,,,,,,,,,,,671.455542,1740,1947772,104.12,4108.09
786,,,,,,,,,,,553.479182,1052,1948824,104.34,4108.09
787,,,,,,,,,,,559.376016,2696,1951520,104.35,4108.09
788,,,,,,,,,,,261.266505,4011,1955531,104.33,4108.09
789,,,,,,,,,,,258.787807,3840,1959371,104.32,4108.09
790,,,,,,,,,,,256.181669,3840,1963211,104.49,4108.09
791,,,,,,,,,,,253.416210,3968,1967179,104.47,4108.09
792,,,,,,,,,,,676.718162,1375,1968554,104.46,4108.09
793,,,,,,,,,,,505.833816,2016,1970570,104.62,4108.09
794,,,,,,,,,,,560.272039,741,1971311,104.77,4108.09
795,,,,,,,,,,,489.080148,3297,1974608,104.85,4108.09
796,,,,,,,,,,,239.054080,3533,1978141,104.83,4108.09
797,,,,,,,,,,,296.777489,4051,1982192,104.82,4108.09
798,,,,,,,,,,,254.330109,3788,1985980,105.01,4108.09
799,,,,,,,,,,,273.654188,3501,1989481,104.96,4108.09
800,,,,,,,,,,,788.299243,1209,1990690,104.90,4108.09
801,,,,,,,,,,,540.886814,1916,1992606,105.04,4108.09
802,,,,,,,,,,,512.074741,1382,1993988,105.07,4108.09
803,,,,,,,,,,,794.794735,1739,1995727,105.18,4108.09
804,,,,,,,,,,,262.243581,3776,1999503,105.29,4108.09
805,,,,,,,,,,,224.845447,3387,2002890,105.26,4108.09
806,,,,,,,,,,,299.874221,3845,2006735,105.37,4108.09
807,,,,,,,,,,,281.244429,3456,2010191,105.46,4108.09
808,,,,,,,,,,,366.806625,2559,2012750,105.45,4108.09
809,,,,,,,,,,,333.109778,3480,2016230,105.46,4108.09
810,,,,,,,,,,,260.570056,3776,2020006,105.62,4108.09
811,,,,,,,,,,,269.570884,1771,2021777,105.60,4108.09
812,,,,,,,,,,,531.116159,2910,2024687,105.57,4108.09
813,,,,,,,,,,,291.595883,3372,2028059,105.79,4108.09
814,,,,,,,,,,,291.292535,3455,2031514,105.78,4108.09
815,,,,,,,,,,,275.016979,3648,2035162,105.92,4108.09
816,,,,,,,,,,,280.885904,3584,2038746,105.94,4108.09
817,,,,,,,,,,,349.570369,1313,2040059,105.90,4108.09
818,,,,,,,,,,,620.206733,2341,2042400,105.88,4108.09
819,,,,,,,,,,,339.103627,3117,2045517,105.96,4108.09
820,,,,,,,,,,,274.979425,3690,2049207,106.06,4108.09
821,,,,,,,,,,,439.480180,642,2049849,106.04,4108.09
822,,,,,,,,,,,420.315293,4155,2054004,106.02,4108.09
823,,,,,,,,,,,258.319926,3818,2057822,106.12,4108.09
824,,,,,,,,,,,268.856218,3648,2061470,106.32,4108.09
825,,,,,,,,,,,262.805620,3391,2064861,106.41,4108.09
826,,,,,,,,,,,291.883615,2918,2067779,106.34,4108.09
827,,,,,,,,,,,880.006951,1154,2068933,106.27,4108.09
828,,,,,,,,,,,666.499697,1799,2070732,106.20,4108.09
829,,,,,,,,,,,621.245735,1255,2071987,106.13,4108.09
830,,,,,,,,,,,593.482342,1920,2073907,106.31,4108.09
831,,,,,,,,,,,573.477705,1192,2075099,106.31,4108.09
832,,,,,,,,,,,875.167276,1613,2076712,106.30,4108.09
833,,,,,,,,,,,265.126213,3918,2080630,106.28,4108.09
834,,,,,,,,,,,253.751861,4067,2084697,106.31,4108.09
835,,,,,,,,,,,259.152256,3839,2088536,106.69,4108.09
836,,,,,,,,,,,259.233854,3410,2091946,106.64,4108.09
837,,,,,,,,,,,777.759321,1177,2093123,106.60,4108.09
838,,,,,,,,,,,736.954471,1239,2094362,106.56,4108.09
839,,,,,,,,,,,735.508761,1394,2095756,106.52,4108.09
840,,,,,,,,,,,779.517298,1343,2097099,106.48,4108.09
841,,,,,,,,,,,802.212099,1073,2098172,106.56,4108.09
842,,,,,,,,,,,803.936827,1232,2099404,106.69,4108.61
843,,,,,,,,,,,916.005088,641,2100045,106.91,4108.61
844,,,,,,,,,,,407.526102,4332,2104377,106.95,4108.61
845,,,,,,,,,,,295.527791,3382,2107759,106.97,4108.61
846,,,,,,,,,,,247.552546,3865,2111624,106.99,4108.61
847,,,,,,,,,,,250.071590,4070,2115694,107.12,4108.61
848,,,,,,,,,,,256.958960,3968,2119662,107.17,4108.61
849,,,,,,,,,,,334.325818,1651,2121313,107.15,4109.05
850,,,,,,,,,,,606.920143,2230,2123543,107.29,4109.22
851,,,,,,,,,,,422.044998,2407,2125950,107.35,4109.31
852,,,,,,,,,,,538.681906,1516,2127466,107.29,4109.31
853,,,,,,,,,,,621.826118,1967,2129433,107.45,4130.01
854,,,,,,,,,,,515.660025,1625,2131058,107.45,4196.81
855,,,,,,,,,,,774.941944,1557,2132615,107.44,4258.52
856,,,,,,,,,,,245.247742,4224,2136839,107.43,4322.28
857,,,,,,,,,,,249.413295,3840,2140679,107.56,4350.01
858,,,,,,,,,,,256.892802,3840,2144519,107.67,4351.12
859,,,,,,,,,,,243.339491,3865,2148384,107.66,4351.12
860,,,,,,,,,,,243.749409,4199,2152583,107.74,4351.37
861,,,,,,,,,,,249.124784,4288,2156871,107.78,4351.46
862,,,,,,,,,,,262.462114,2335,2159206,107.71,4351.55
863,,,,,,,,,,,857.360535,1142,2160348,107.66,4351.64
864,,,,,,,,,,,726.996536,1764,2162112,107.83,4351.64
865,,,,,,,,,,,684.941377,1211,2163323,107.82,4351.64
866,,,,,,,,,,,765.370908,1253,2164576,107.94,4351.64
867,,,,,,,,,,,868.211893,605,2165181,107.93,4351.64
868,,,,,,,,,,,602.476887,2968,2168149,107.91,4351.64
869,,,,,,,,,,,260.197569,3692,2171841,107.89,4351.64
870,,,,,,,,,,,253.736074,4160,2176001,107.86,4351.64
871,,,,,,,,,,,249.592138,4022,2180023,107.84,4351.64
872,,,,,,,,,,,239.853191,4095,2184118,107.94,4351.64
873,,,,,,,,,,,255.424906,3978,2188096,108.08,4351.87
874,,,,,,,,,,,255.068690,3488,2191584,108.06,4352.20
875,,,,,,,,,,,247.735232,4448,2196032,108.08,4352.92
876,,,,,,,,,,,255.563451,3840,2199872,108.20,4352.92
877,,,,,,,,,,,287.608037,3067,2202939,108.18,4353.17
878,,,,,,,,,,,813.816670,1122,2204061,108.15,4354.14
879,,,,,,,,,,,607.097516,1892,2205953,108.56,4353.41
880,,,,,,,,,,,593.806767,1265,2207218,108.66,4353.41
881,,,,,,,,,,,783.101401,1254,2208472,108.68,4353.67
882,,,,,,,,,,,311.625880,4165,2212637,108.70,4355.23
883,,,,,,,,,,,256.952540,3968,2216605,108.72,4355.75
884,,,,,,,,,,,249.837119,3968,2220573,108.73,4356.19
885,,,,,,,,,,,240.587478,4202,2224775,108.77,4356.18
886,,,,,,,,,,,272.175191,3638,2228413,109.19,4356.27
887,,,,,,,,,,,256.210483,3783,2232196,109.20,4356.27
888,,,,,,,,,,,824.066298,684,2232880,109.16,4356.27
889,,,,,,,,,,,988.623616,1269,2234149,109.12,4356.27
890,,,,,,,,,,,756.227312,1356,2235505,109.09,4356.27
891,,,,,,,,,,,691.209392,1436,2236941,109.02,4356.27
892,,,,,,,,,,,600.273461,1675,2238616,108.95,4365.79
893,,,,,,,,,,,1004.773209,863,2239479,108.87,4438.41
894,,,,,,,,,,,916.827675,1109,2240588,109.00,4519.64
895,,,,,,,,,,,907.840397,1025,2241613,109.12,4555.77
896,,,,,,,,,,,1117.702593,688,2242301,109.15,4561.42
897,,,,,,,,,,,1601.647734,389,2242690,109.06,4561.50
898,,,,,,,,,,,2204.268818,491,2243181,108.97,4561.59
899,,,,,,,,,,,1962.815210,619,2243800,108.91,4561.86
900,,,,,,,,,,,1562.750850,516,2244316,109.04,4597.20
901,,,,,,,,,,,1735.672275,455,2244771,108.98,4666.13
902,,,,,,,,,,,2209.960446,575,2245346,108.91,4757.66
903,,,,,,,,,,,1561.557106,947,2246293,109.27,4784.30
904,,,,,,,,,,,1199.248508,445,2246738,109.25,4787.91
905,,,,,,,,,,,1514.194277,610,2247348,109.16,4787.91
906,,,,,,,,,,,2158.793588,347,2247695,109.07,4787.91
907,,,,,,,,,,,2301.776204,654,2248349,108.98,4787.91
908,,,,,,,,,,,1951.976119,350,2248699,108.89,4788.08
909,,,,,,,,,,,1943.924173,668,2249367,108.81,4788.17
910,,,,,,,,,,,1954.247614,336,2249703,108.71,4788.35
911,,,,,,,,,,,1975.360783,665,2250368,108.62,4788.43
912,,,,,,,,,,,2000.792783,336,2250704,108.94,4804.58
913,,,,,,,,,,,2001.235628,672,2251376,108.97,4816.61
914,,,,,,,,,,,1992.102088,287,2251663,108.89,4816.61
915,,,,,,,,,,,2607.695836,181,2251844,108.80,4816.61
916,,,,,,,,,,,2630.499642,635,2252479,108.71,4816.61
917,,,,,,,,,,,2293.704213,366,2252845,108.62,4816.61
918,,,,,,,,,,,1980.715216,659,2253504,108.54,4816.61
919,,,,,,,,,,,1951.088709,472,2253976,108.54,4816.61
920,,,,,,,,,,,1934.699417,671,2254647,108.62,4816.61
921,,,,,,,,,,,1949.667830,353,2255000,108.74,4816.61
922,,,,,,,,,,,2035.209562,661,2255661,108.67,4816.61
923,,,,,,,,,,,2055.441357,63,2255724,108.58,4817.57
924,,,,,,,,,,,2321.746788,934,2256658,108.50,4827.93
925,,,,,,,,,,,1787.397462,143,2256801,108.41,4837.34
926,,,,,,,,,,,1739.846925,876,2257677,108.33,4847.46
927,,,,,,,,,,,1868.275957,232,2257909,108.44,4856.26
928,,,,,,,,,,,1913.876182,777,2258686,108.40,4863.69
929,,,,,,,,,,,1988.105204,224,2258910,108.35,4873.02
930,,,,,,,,,,,2012.710079,777,2259687,108.49,4882.52
931,,,,,,,,,,,1979.185589,225,2259912,108.41,4892.38
932,,,,,,,,,,,1984.375697,575,2260487,108.33,4902.37
933,,,,,,,,,,,2210.882724,428,2260915,108.24,4911.79
934,,,,,,,,,,,1985.019203,558,2261473,108.25,4920.67
935,,,,,,,,,,,1987.311897,506,2261979,108.43,4925.78
936,,,,,,,,,,,1961.242272,494,2262473,108.45,4925.87
937,,,,,,,,,,,2028.050141,346,2262819,108.39,4925.87
938,,,,,,,,,,,2117.687069,684,2263503,108.33,4925.87
939,,,,,,,,,,,1494.511906,941,2264444,108.48,4925.87
940,,,,,,,,,,,1453.662843,333,2264777,108.49,4925.87
941,,,,,,,,,,,1591.188455,675,2265452,108.44,4925.87
942,,,,,,,,,,,2080.645028,334,2265786,108.62,4925.87
943,,,,,,,,,,,1984.711712,685,2266471,108.59,4926.13
944,,,,,,,,,,,1808.398122,345,2266816,108.54,4926.48
945,,,,,,,,,,,1979.425517,659,2267475,108.48,4927.01
946,,,,,,,,,,,1848.175170,610,2268085,108.43,4927.36
947,,,,,,,,,,,1884.852878,418,2268503,108.38,4928.06
948,,,,,,,,,,,1929.969582,603,2269106,108.47,4929.38
949,,,,,,,,,,,1953.415307,406,2269512,108.63,4930.00
950,,,,,,,,,,,1939.131607,618,2270130,108.70,4930.44
951,,,,,,,,,,,1942.584461,386,2270516,108.86,4930.53
952,,,,,,,,,,,2307.441587,222,2270738,108.84,4930.61
953,,,,,,,,,,,2806.769420,784,2271522,108.82,4930.61
954,,,,,,,,,,,1693.002938,198,2271720,108.80,4931.41
955,,,,,,,,,,,526.982642,3701,2275421,108.78,4979.81
956,,,,,,,,,,,278.723485,3635,2279056,108.87,5038.53
957,,,,,,,,,,,283.525398,3520,2282576,109.16,5090.24
958,,,,,,,,,,,290.539918,3521,2286097,109.16,5145.59
959,,,,,,,,,,,292.776636,2499,2288596,109.25,5166.72
960,,,,,,,,,,,962.007384,1180,2289776,109.33,5166.72
961,,,,,,,,,,,753.967529,405,2290181,109.31,5166.72
962,,,,,,,,,,,664.510297,2734,2292915,109.29,5166.90
963,,,,,,,,,,,283.623608,3566,2296481,109.28,5166.99
964,,,,,,,,,,,260.823782,3865,2300346,109.35,5167.25
965,,,,,,,,,,,258.569884,3856,2304202,109.49,5167.34
966,,,,,,,,,,,254.508370,3504,2307706,109.52,5167.34
967,,,,,,,,,,,271.500165,3840,2311546,109.62,5167.34
968,,,,,,,,,,,287.483477,2518,2314064,109.60,5167.34
969,,,,,,,,,,,1182.624155,854,2314918,109.71,5167.34
970,,,,,,,,,,,1094.271338,589,2315507,109.70,5167.34
971,,,,,,,,,,,1763.428714,291,2315798,109.68,5167.34
972,,,,,,,,,,,601.893731,3620,2319418,109.67,5167.34
973,,,,,,,,,,,272.570773,3584,2323002,109.66,5167.42
974,,,,,,,,,,,253.854131,3968,2326970,109.81,5167.42
975,,,,,,,,,,,243.580284,4060,2331030,109.85,5167.42
976,,,,,,,,,,,286.193291,3199,2334229,110.02,5167.42
977,,,,,,,,,,,276.290933,3983,2338212,110.03,5167.42
978,,,,,,,,,,,488.728334,404,2338616,110.11,5167.42
979,,,,,,,,,,,518.404770,3514,2342130,110.26,5167.42
980,,,,,,,,,,,256.068870,3735,2345865,110.25,5167.42
981,,,,,,,,,,,265.594329,3344,2349209,110.23,5167.42
982,,,,,,,,,,,264.156185,4273,2353482,110.33,5167.42
983,,,,,,,,,,,264.410404,3669,2357151,110.39,5167.42
984,,,,,,,,,,,279.977293,3547,2360698,110.47,5167.42
985,,,,,,,,,,,973.811764,1031,2361729,110.57,5167.51
986,,,,,,,,,,,345.602655,1319,2363048,110.55,5167.51
987,,,,,,,,,,,677.497284,2334,2365382,110.53,5167.51
988,,,,,,,,,,,261.048939,3840,2369222,110.51,5167.51
989,,,,,,,,,,,264.666754,3775,2372997,110.67,5167.51
990,,,,,,,,,,,267.699565,3776,2376773,110.73,5167.51
991,,,,,,,,,,,274.197204,3351,2380124,110.80,5167.51
992,,,,,,,,,,,273.186759,3857,2383981,110.89,5167.51
993,,,,,,,,,,,263.245692,3800,2387781,111.06,5167.51
994,,,,,,,,,,,503.132434,581,2388362,111.07,5167.51
995,,,,,,,,,,,1224.901873,598,2388960,111.05,5167.51
996,,,,,,,,,,,602.875726,3277,2392237,111.03,5167.51
997,,,,,,,,,,,266.802627,3723,2395960,111.01,5167.51
998,,,,,,,,,,,261.654556,3904,2399864,110.99,5167.51
999,,,,,,,,,,,273.189794,3455,2403319,110.97,5167.51
1000,,,,,,,,,,,265.684976,3701,2407020,111.02,5167.51
1001,,,,,,,,,,,272.360593,3786,2410806,111.40,5167.51
1002,,,,,,,,,,,279.635673,3701,2414507,111.59,5167.51
1003,,,,,,,,,,,296.712533,2205,2416712,111.59,5167.51
1004,,,,,,,,,,,1056.090148,238,2416950,111.57,5167.51
1005,,,,,,,,,,,532.765462,3947,2420897,111.54,5167.51
1006,,,,,,,,,,,284.853037,3711,2424608,111.52,5167.51
1007,,,,,,,,,,,255.388847,3696,2428304,111.50,5167.51
1008,,,,,,,,,,,271.678131,3664,2431968,111.48,5167.51
1009,,,,,,,,,,,268.037009,3584,2435552,111.46,5167.51
1010,,,,,,,,,,,272.073270,3882,2439434,111.44,5167.51
1011,,,,,,,,,,,262.983923,3470,2442904,111.65,5167.51
1012,,,,,,,,,,,270.137833,3728,2446632,111.85,5167.51
1013,,,,,,,,,,,352.711222,905,2447537,111.91,5167.59
1014,,,,,,,,,,,539.962565,2914,2450451,112.00,5167.59
1015,,,,,,,,,,,291.371068,4032,2454483,111.95,5167.59
1016,,,,,,,,,,,275.919611,1826,2456309,111.89,5167.59
1017,,,,,,,,,,,853.335331,1529,2457838,111.83,5167.59
1018,,,,,,,,,,,551.784702,1753,2459591,111.77,5167.59
1019,,,,,,,,,,,575.358952,1815,2461406,111.71,5167.59
1020,,,,,,,,,,,602.451023,1638,2463044,111.65,5167.59
1021,,,,,,,,,,,646.189787,1492,2464536,111.72,5183.04
1022,,,,,,,,,,,637.766129,1626,2466162,111.84,5183.04
1023,,,,,,,,,,,653.329031,1000,2467162,112.03,5183.04
1024,,,,,,,,,,,1017.870450,1512,2468674,112.03,5183.04
1025,,,,,,,,,,,250.385168,3671,2472345,112.01,5183.04
1026,,,,,,,,,,,251.492122,4237,2476582,111.99,5183.04
1027,,,,,,,,,,,251.752461,3932,2480514,112.04,5183.13
1028,,,,,,,,,,,269.101276,3839,2484353,112.17,5183.13
1029,,,,,,,,,,,256.620695,3173,2487526,112.17,5183.13
1030,,,,,,,,,,,303.534900,2456,2489982,112.16,5183.13
1031,,,,,,,,,,,529.108136,2633,2492615,112.23,5183.13
1032,,,,,,,,,,,331.999778,2951,2495566,112.54,5183.13
1033,,,,,,,,,,,359.211570,2309,2497875,112.63,5183.13
1034,,,,,,,,,,,1002.036326,228,2498103,112.64,5183.13
1035,,,,,,,,,,,490.481328,4100,2502203,112.65,5183.13
1036,,,,,,,,,,,256.370158,3712,2505915,112.67,5183.13
1037,,,,,,,,,,,273.208495,3776,2509691,112.67,5183.13
1038,,,,,,,,,,,255.236583,3904,2513595,112.68,5183.13
1039,,,,,,,,,,,259.974005,3904,2517499,112.69,5183.30
1040,,,,,,,,,,,272.153447,3584,2521083,112.87,5184.76
1041,,,,,,,,,,,267.887234,3712,2524795,112.94,5185.03
1042,,,,,,,,,,,263.160081,3584,2528379,113.08,5185.12
1043,,,,,,,,,,,256.384997,4160,2532539,113.27,5184.60
1044,,,,,,,,,,,260.308035,2048,2534587,113.37,5184.60
1045,,,,,,,,,,,866.983426,1728,2536315,113.39,5184.60
1046,,,,,,,,,,,321.305534,1724,2538039,113.35,5184.60
1047,,,,,,,,,,,507.361866,2813,2540852,113.32,5184.60
1048,,,,,,,,,,,251.335717,2759,2543611,113.32,5184.60
1049,,,,,,,,,,,363.680875,3519,2547130,113.48,5184.60
1050,,,,,,,,,,,296.523065,3366,2550496,113.47,5184.60
1051,,,,,,,,,,,323.254952,2190,2552686,113.44,5184.60
1052,,,,,,,,,,,489.530480,2634,2555320,113.41,5184.60
1053,,,,,,,,,,,295.756781,3337,2558657,113.37,5184.60
1054,,,,,,,,,,,304.157882,3341,2561998,113.39,5187.58
1055,,,,,,,,,,,327.737112,2964,2564962,113.51,5187.58
1056,,,,,,,,,,,351.264492,2721,2567683,113.52,5187.58
1057,,,,,,,,,,,611.211538,1318,2569001,113.70,5187.58
1058,,,,,,,,,,,545.390978,2380,2571381,113.74,5187.66
1059,,,,,,,,,,,259.516440,3609,2574990,113.72,5187.93
1060,,,,,,,,,,,247.347212,4322,2579312,113.70,5188.18
1061,,,,,,,,,,,238.952998,4160,2583472,113.83,5188.27
1062,,,,,,,,,,,245.978768,4032,2587504,113.82,5188.27
1063,,,,,,,,,,,252.169155,3968,2591472,113.76,5188.27
1064,,,,,,,,,,,611.851101,731,2592203,113.71,5188.27
1065,,,,,,,,,,,981.842115,1230,2593433,113.68,5188.27
1066,,,,,,,,,,,839.124405,1356,2594789,113.64,5188.27
1067,,,,,,,,,,,749.963321,1259,2596048,113.77,5188.27
1068,,,,,,,,,,,708.073027,1470,2597518,113.97,5188.27
1069,,,,,,,,,,,652.613765,1615,2599133,114.06,5188.27
1070,,,,,,,,,,,657.237743,1120,2600253,114.08,5188.62
1071,,,,,,,,,,,1125.259138,1280,2601533,114.09,5189.32
1072,,,,,,,,,,,258.932752,3865,2605398,114.10,5189.76
1073,,,,,,,,,,,239.940698,4051,2609449,114.11,5190.29
1074,,,,,,,,,,,244.590006,4180,2613629,114.13,5190.81
1075,,,,,,,,,,,255.615672,3840,2617469,114.38,5190.90
1076,,,,,,,,,,,263.312388,3882,2621351,114.54,5190.90
1077,,,,,,,,,,,243.082356,3426,2624777,114.51,5190.90
1078,,,,,,,,,,,871.044015,670,2625447,114.49,5190.90
1079,,,,,,,,,,,1018.733542,1343,2626790,114.49,5190.90
1080,,,,,,,,,,,568.651050,1924,2628714,114.50,5190.90
1081,,,,,,,,,,,377.607800,2950,2631664,114.50,5190.90
1082,,,,,,,,,,,260.486244,3875,2635539,114.65,5190.90
1083,,,,,,,,,,,227.040726,4385,2639924,114.67,5190.90
1084,,,,,,,,,,,239.179114,2382,2642306,114.70,5227.40
1085,,,,,,,,,,,841.046324,1695,2644001,114.92,5278.38
1086,,,,,,,,,,,251.011625,3903,2647904,115.08,5282.85
1087,,,,,,,,,,,258.629562,3599,2651503,115.05,5282.85
1088,,,,,,,,,,,278.836057,3249,2654752,114.99,5283.02
1089,,,,,,,,,,,1010.547306,320,2655072,114.94,5283.02
1090,,,,,,,,,,,964.679580,1771,2656843,114.89,5325.39
1091,,,,,,,,,,,516.395166,2000,2658843,114.83,5391.92
1092,,,,,,,,,,,522.240052,2000,2660843,114.78,5457.41
1093,,,,,,,,,,,501.485365,1994,2662837,114.72,5522.95
1094,,,,,,,,,,,523.962663,1788,2664625,114.81,5570.72
1095,,,,,,,,,,,554.317174,1754,2666379,115.11,5574.24
1096,,,,,,,,,,,571.018073,1744,2668123,115.06,5574.59
1097,,,,,,,,,,,583.930001,1004,2669127,114.98,5574.59
1098,,,,,,,,,,,1428.159933,730,2669857,114.91,5574.68
1099,,,,,,,,,,,1470.231525,528,2670385,114.83,5574.85
1100,,,,,,,,,,,1336.424114,874,2671259,114.76,5574.85
1101,,,,,,,,,,,1332.653007,854,2672113,114.69,5574.85
1102,,,,,,,,,,,1345.228269,724,2672837,114.72,5574.94
1103,,,,,,,,,,,1346.933765,545,2673382,114.79,5575.03
1104,,,,,,,,,,,1359.859069,845,2674227,114.76,5599.01
1105,,,,,,,,,,,1685.034628,171,2674398,115.03,5630.62
1106,,,,,,,,,,,961.521937,2282,2676680,115.16,5637.36
1107,,,,,,,,,,,422.534740,2548,2679228,115.09,5637.36
1108,,,,,,,,,,,550.059463,708,2679936,115.02,5637.36
1109,,,,,,,,,,,1358.744002,831,2680767,114.95,5637.36
1110,,,,,,,,,,,1348.968293,867,2681634,114.87,5637.36
1111,,,,,,,,,,,1330.304826,479,2682113,114.80,5637.36
1112,,,,,,,,,,,1309.559064,827,2682940,114.73,5637.36
1113,,,,,,,,,,,1298.914295,877,2683817,114.66,5637.36
1114,,,,,,,,,,,1285.924150,894,2684711,114.70,5647.92
1115,,,,,,,,,,,1293.773323,643,2685354,114.78,5653.64
1116,,,,,,,,,,,1312.588205,636,2685990,114.77,5671.27
1117,,,,,,,,,,,1329.973283,833,2686823,114.89,5684.42
1118,,,,,,,,,,,1371.120705,874,2687697,114.82,5684.42
1119,,,,,,,,,,,1375.648987,296,2687993,114.74,5684.42
1120,,,,,,,,,,,2022.518502,719,2688712,114.66,5684.42
1121,,,,,,,,,,,1912.966748,322,2689034,114.59,5684.42
1122,,,,,,,,,,,1753.505996,772,2689806,114.51,5684.42
1123,,,,,,,,,,,1777.832566,257,2690063,114.44,5684.42
1124,,,,,,,,,,,1808.571711,812,2690875,114.56,5699.36
1125,,,,,,,,,,,1830.540619,239,2691114,114.54,5700.68
1126,,,,,,,,,,,1855.911175,811,2691925,114.47,5700.68
1127,,,,,,,,,,,1938.160910,207,2692132,114.39,5700.68
1128,,,,,,,,,,,1956.333256,820,2692952,114.49,5700.94
1129,,,,,,,,,,,1888.279810,308,2693260,114.48,5703.12
1130,,,,,,,,,,,1927.111160,702,2693962,114.57,5703.12
1131,,,,,,,,,,,1929.832877,360,2694322,114.58,5703.12
1132,,,,,,,,,,,1949.587521,640,2694962,114.51,5703.12
1133,,,,,,,,,,,2014.642366,462,2695424,114.53,5703.12
1134,,,,,,,,,,,1736.949270,762,2696186,114.64,5703.12
1135,,,,,,,,,,,1071.826733,879,2697065,114.57,5703.12
1136,,,,,,,,,,,1093.481792,866,2697931,114.50,5703.12
1137,,,,,,,,,,,1270.998385,929,2698860,114.43,5703.12
1138,,,,,,,,,,,1243.142539,845,2699705,114.36,5703.30
1139,,,,,,,,,,,1279.290454,730,2700435,114.35,5703.30
1140,,,,,,,,,,,1326.807031,552,2700987,114.43,5703.30
1141,,,,,,,,,,,1373.545223,877,2701864,114.36,5703.30
1142,,,,,,,,,,,1393.086027,579,2702443,114.29,5703.30
1143,,,,,,,,,,,1947.754291,436,2702879,114.34,5703.38
1144,,,,,,,,,,,1933.495448,626,2703505,114.40,5703.38
1145,,,,,,,,,,,1651.952392,476,2703981,114.33,5703.38
1146,,,,,,,,,,,1687.601748,548,2704529,114.26,5703.38
1147,,,,,,,,,,,2030.770371,542,2705071,114.18,5703.38
1148,,,,,,,,,,,1903.863612,540,2705611,114.11,5703.38
1149,,,,,,,,,,,1850.847892,540,2706151,114.03,5703.38
1150,,,,,,,,,,,1910.248800,464,2706615,113.96,5703.38
1151,,,,,,,,,,,1978.535305,599,2707214,113.98,5703.38
1152,,,,,,,,,,,1974.061143,418,2707632,114.03,5713.06
1153,,,,,,,,,,,1934.777321,649,2708281,114.06,5713.59
1154,,,,,,,,,,,1948.824598,336,2708617,114.15,5719.49
1155,,,,,,,,,,,1990.343432,665,2709282,114.08,5719.49
1156,,,,,,,,,,,1996.074912,287,2709569,114.01,5719.49
1157,,,,,,,,,,,2168.634861,762,2710331,113.93,5719.49
1158,,,,,,,,,,,1931.698408,261,2710592,113.86,5719.49
1159,,,,,,,,,,,1699.762621,901,2711493,113.78,5719.49
1160,,,,,,,,,,,1713.257979,260,2711753,113.71,5719.49
1161,,,,,,,,,,,1738.620597,766,2712519,113.63,5719.49
1162,,,,,,,,,,,1863.967562,319,2712838,113.68,5719.49
1163,,,,,,,,,,,1905.925771,694,2713532,113.90,5719.49
1164,,,,,,,,,,,1936.648625,342,2713874,114.17,5719.49
1165,,,,,,,,,,,1987.029377,661,2714535,114.10,5719.49
1166,,,,,,,,,,,1965.538430,273,2714808,114.03,5719.58
1167,,,,,,,,,,,2355.597455,550,2715358,113.95,5719.58
1168,,,,,,,,,,,2400.203151,400,2715758,113.88,5719.58
1169,,,,,,,,,,,2058.311704,600,2716358,113.81,5719.58
1170,,,,,,,,,,,1972.146171,417,2716775,113.73,5719.58
1171,,,,,,,,,,,1963.319372,597,2717372,113.66,5719.58
1172,,,,,,,,,,,1955.970924,436,2717808,113.59,5719.58
1173,,,,,,,,,,,1943.958365,647,2718455,113.54,5719.58
1174,,,,,,,,,,,1946.969327,374,2718829,113.68,5719.58
1175,,,,,,,,,,,1958.052035,681,2719510,113.67,5719.58
1176,,,,,,,,,,,1921.573216,345,2719855,113.77,5723.53
1177,,,,,,,,,,,1943.802736,550,2720405,113.71,5723.53
1178,,,,,,,,,,,2054.703303,450,2720855,113.63,5723.53
1179,,,,,,,,,,,2298.985682,225,2721080,113.56,5723.53
1180,,,,,,,,,,,2243.569357,784,2721864,113.49,5723.53
1181,,,,,,,,,,,1803.813530,370,2722234,113.41,5723.53
1182,,,,,,,,,,,1791.648285,676,2722910,113.34,5723.53
1183,,,,,,,,,,,1906.160734,368,2723278,113.27,5723.53
1184,,,,,,,,,,,1963.796877,636,2723914,113.35,5723.53
1185,,,,,,,,,,,1950.201822,410,2724324,113.39,5723.53
1186,,,,,,,,,,,1943.005772,594,2724918,113.31,5723.53
1187,,,,,,,,,,,1962.860257,409,2725327,113.24,5723.53
1188,,,,,,,,,,,2162.475389,596,2725923,113.36,5723.53
1189,,,,,,,,,,,1957.627921,430,2726353,113.37,5723.53
1190,,,,,,,,,,,1985.935381,608,2726961,113.32,5723.53
1191,,,,,,,,,,,1945.592403,330,2727291,113.27,5723.53
1192,,,,,,,,,,,2012.789573,691,2727982,113.38,5723.53
1193,,,,,,,,,,,1962.793427,347,2728329,113.40,5723.53
1194,,,,,,,,,,,1985.142074,634,2728963,113.42,5723.53
1195,,,,,,,,,,,2266.510303,309,2729272,113.56,5723.53
1196,,,,,,,,,,,1879.117408,845,2730117,113.53,5723.53
1197,,,,,,,,,,,1057.562171,859,2730976,113.49,5723.53
1198,,,,,,,,,,,1243.491132,758,2731734,113.44,5723.53
1199,,,,,,,,,,,1364.517340,732,2732466,113.39,5723.53
1200,,,,,,,,,,,1423.194441,727,2733193,113.35,5723.53
1201,,,,,,,,,,,1523.558875,553,2733746,113.50,5723.53
1202,,,,,,,,,,,1662.568845,616,2734362,113.47,5723.60
1203,,,,,,,,,,,1785.973717,434,2734796,113.42,5723.95
1204,,,,,,,,,,,1926.994111,546,2735342,113.38,5724.35
1205,,,,,,,,,,,1956.266192,472,2735814,113.48,5725.00
1206,,,,,,,,,,,1948.370741,541,2736355,113.52,5725.05
1207,,,,,,,,,,,1954.238759,469,2736824,113.60,5725.05
1208,,,,,,,,,,,1963.414590,404,2737228,113.66,5725.05
1209,,,,,,,,,,,2106.138818,603,2737831,113.66,5725.05
1210,,,,,,,,,,,2227.848668,199,2738030,113.65,5725.05
1211,,,,,,,,,,,837.727837,2930,2740960,113.63,5725.05
1212,,,,,,,,,,,262.628556,3893,2744853,113.62,5750.01
1213,,,,,,,,,,,268.481854,3520,2748373,113.78,5812.99
1214,,,,,,,,,,,272.246201,3967,2752340,113.81,5873.90
1215,,,,,,,,,,,278.596792,3405,2755745,113.95,5928.17
1216,,,,,,,,,,,363.389371,2460,2758205,114.08,5938.76
1217,,,,,,,,,,,329.116010,3398,2761603,114.14,5938.76
1218,,,,,,,,,,,364.168791,1132,2762735,114.14,5938.76
1219,,,,,,,,,,,1659.235210,190,2762925,114.09,5938.76
1220,,,,,,,,,,,759.621199,3021,2765946,114.04,5938.76
1221,,,,,,,,,,,268.134164,3407,2769353,114.02,5938.76
1222,,,,,,,,,,,393.587327,882,2770235,114.03,5938.76
1223,,,,,,,,,,,1388.196034,390,2770625,114.04,5938.76
1224,,,,,,,,,,,1498.010431,1433,2772058,114.07,5938.76
1225,,,,,,,,,,,262.423038,3950,2776008,114.25,5938.76
1226,,,,,,,,,,,263.049194,3777,2779785,114.29,5939.02
1227,,,,,,,,,,,254.369150,3809,2783594,114.41,5939.02
1228,,,,,,,,,,,214.950948,3792,2787386,114.57,5939.02
1229,,,,,,,,,,,289.778829,3916,2791302,114.70,5939.02
1230,,,,,,,,,,,400.619255,825,2792127,114.71,5939.02
1231,,,,,,,,,,,747.653769,2353,2794480,114.72,5939.02
1232,,,,,,,,,,,496.908579,1748,2796228,114.73,5939.02
1233,,,,,,,,,,,280.723556,4034,2800262,114.83,5939.02
1234,,,,,,,,,,,256.226210,3968,2804230,114.93,5939.02
1235,,,,,,,,,,,276.516039,3490,2807720,114.92,5939.11
1236,,,,,,,,,,,268.032225,3549,2811269,114.89,5939.11
1237,,,,,,,,,,,920.765299,813,2812082,115.01,5939.11
1238,,,,,,,,,,,677.935295,1784,2813866,115.08,5939.11
1239,,,,,,,,,,,556.527638,1706,2815572,115.07,5939.11
1240,,,,,,,,,,,807.334221,417,2815989,115.05,5939.11
1241,,,,,,,,,,,708.815777,2457,2818446,115.03,5939.11
1242,,,,,,,,,,,274.405227,3767,2822213,115.08,5939.20
1243,,,,,,,,,,,254.600845,4070,2826283,115.15,5939.20
1244,,,,,,,,,,,255.826143,3939,2830222,115.13,5939.20
1245,,,,,,,,,,,259.231628,3697,2833919,115.27,5939.20
1246,,,,,,,,,,,707.413293,557,2834476,115.25,5939.20
1247,,,,,,,,,,,964.542052,1568,2836044,115.29,5949.84
1248,,,,,,,,,,,785.611305,1069,2837113,115.42,5950.72
1249,,,,,,,,,,,868.457267,1084,2838197,115.44,5950.72
1250,,,,,,,,,,,807.408260,817,2839014,115.45,5950.72
1251,,,,,,,,,,,1034.011730,1645,2840659,115.46,5950.72
1252,,,,,,,,,,,269.170259,3584,2844243,115.47,5950.98
1253,,,,,,,,,,,269.378030,3611,2847854,115.48,5951.51
1254,,,,,,,,,,,273.116056,3877,2851731,115.73,5951.86
1255,,,,,,,,,,,265.360757,3734,2855465,115.90,5952.03
1256,,,,,,,,,,,265.390163,3818,2859283,115.88,5952.03
1257,,,,,,,,,,,259.932382,3540,2862823,115.84,5952.03
1258,,,,,,,,,,,532.876796,878,2863701,115.94,5952.03
1259,,,,,,,,,,,1213.528252,942,2864643,116.05,5952.03
1260,,,,,,,,,,,1086.498301,970,2865613,116.07,5952.03
1261,,,,,,,,,,,1232.860145,212,2865825,116.07,5952.03
1262,,,,,,,,,,,936.390018,2267,2868092,116.08,5952.03
1263,,,,,,,,,,,261.975855,3929,2872021,116.12,5952.30
1264,,,,,,,,,,,260.128809,3840,2875861,116.31,5952.91
1265,,,,,,,,,,,257.644204,3904,2879765,116.42,5953.44
1266,,,,,,,,,,,269.493229,3712,2883477,116.54,5953.44
1267,,,,,,,,,,,256.978800,3580,2887057,116.53,5953.44
1268,,,,,,,,,,,261.054629,4099,2891156,116.49,5953.44
1269,,,,,,,,,,,394.334922,905,2892061,116.57,5953.44
1270,,,,,,,,,,,1194.887926,1183,2893244,116.66,5953.44
1271,,,,,,,,,,,547.704185,1913,2895157,116.65,5953.44
1272,,,,,,,,,,,690.705175,510,2895667,116.63,5953.44
1273,,,,,,,,,,,1017.766328,1790,2897457,116.60,5953.44
1274,,,,,,,,,,,265.480138,3796,2901253,116.64,5956.25
1275,,,,,,,,,,,268.395554,3489,2904742,116.77,5995.05
1276,,,,,,,,,,,274.255132,3807,2908549,116.74,6057.45
1277,,,,,,,,,,,252.109960,4031,2912580,116.75,6101.70
1278,,,,,,,,,,,306.564264,1956,2914536,116.85,6106.75
1279,,,,,,,,,,,1259.591997,950,2915486,116.80,6106.75
1280,,,,,,,,,,,1012.314895,999,2916485,116.73,6106.75
1281,,,,,,,,,,,1017.400900,724,2917209,116.72,6106.84
1282,,,,,,,,,,,1155.223251,933,2918142,116.85,6106.84
1283,,,,,,,,,,,1086.501644,848,2918990,116.84,6106.84
1284,,,,,,,,,,,1121.300778,785,2919775,116.82,6106.84
1285,,,,,,,,,,,1624.661804,218,2919993,116.85,6106.92
1286,,,,,,,,,,,547.399848,4046,2924039,116.99,6149.43
1287,,,,,,,,,,,271.234418,3776,2927815,117.15,6158.23
1288,,,,,,,,,,,244.855639,3968,2931783,117.16,6158.84
1289,,,,,,,,,,,292.273538,2423,2934206,117.10,6158.84
1290,,,,,,,,,,,750.344065,1169,2935375,117.04,6158.84
1291,,,,,,,,,,,1281.250202,847,2936222,116.98,6158.84
1292,,,,,,,,,,,1073.428969,988,2937210,116.92,6158.84
1293,,,,,,,,,,,972.398906,1014,2938224,116.86,6159.01
1294,,,,,,,,,,,955.836246,1050,2939274,116.80,6159.01
1295,,,,,,,,,,,919.465468,1106,2940380,116.91,6159.01
1296,,,,,,,,,,,931.624944,1116,2941496,116.96,6159.01
1297,,,,,,,,,,,929.532365,1016,2942512,117.09,6174.57
1298,,,,,,,,,,,1152.883622,242,2942754,117.35,6177.21
1299,,,,,,,,,,,789.834702,2540,2945294,117.31,6177.21
1300,,,,,,,,,,,273.563103,3565,2948859,117.25,6177.21
1301,,,,,,,,,,,266.784031,2473,2951332,117.18,6177.21
1302,,,,,,,,,,,1167.651350,883,2952215,117.12,6177.21
1303,,,,,,,,,,,1207.216487,588,2952803,117.07,6177.21
1304,,,,,,,,,,,1179.759919,927,2953730,117.00,6177.21
1305,,,,,,,,,,,1129.289574,921,2954651,116.94,6177.21
1306,,,,,,,,,,,1086.193946,988,2955639,116.89,6177.21
1307,,,,,,,,,,,1036.670754,990,2956629,116.85,6193.12
1308,,,,,,,,,,,963.956578,1101,2957730,116.97,6200.85
1309,,,,,,,,,,,919.565240,1003,2958733,117.03,6217.37
1310,,,,,,,,,,,921.222539,1078,2959811,117.25,6219.39
1311,,,,,,,,,,,888.146606,1148,2960959,117.30,6220.45
1312,,,,,,,,,,,1115.618041,788,2961747,117.25,6220.45
1313,,,,,,,,,,,1499.505661,1010,2962757,117.21,6220.45
1314,,,,,,,,,,,586.334114,980,2963737,117.16,6220.45
1315,,,,,,,,,,,756.191720,1651,2965388,117.12,6220.53
1316,,,,,,,,,,,569.945960,1909,2967297,117.07,6220.53
1317,,,,,,,,,,,506.880873,2001,2969298,117.03,6220.53
1318,,,,,,,,,,,490.403039,2080,2971378,117.13,6220.53
1319,,,,,,,,,,,479.394168,2048,2973426,117.17,6220.53
1320,,,,,,,,,,,481.303540,2066,2975492,117.11,6220.53
1321,,,,,,,,,,,485.083026,1599,2977091,117.06,6220.53
1322,,,,,,,,,,,1016.644936,850,2977941,117.14,6220.53
1323,,,,,,,,,,,865.467287,1394,2979335,117.17,6220.53
1324,,,,,,,,,,,721.819675,1384,2980719,117.17,6220.53
1325,,,,,,,,,,,723.920879,1319,2982038,117.28,6220.53
1326,,,,,,,,,,,917.743665,531,2982569,117.27,6220.53
1327,,,,,,,,,,,1361.678987,871,2983440,117.25,6220.53
1328,,,,,,,,,,,1579.484958,161,2983601,117.23,6220.53
1329,,,,,,,,,,,560.435782,4242,2987843,117.38,6220.53
1330,,,,,,,,,,,264.790016,3764,,,
1331,,,,,,,,,,,272.210270,3692,,,
1332,,,,,,,,,,,266.342530,3368,,,
1333,,,,,,,,,,,357.874839,1300,,,
1334,,,,,,,,,,,1421.149549,33,,,
